,temperature_celcius ,pressure_KPA,clouds_perc (%),Direction of the Wind(deg),wind speed,time,Unnamed: 6,Unnamed: 7,Unnamed: 8,Unnamed: 9
0,15.72188622,1011.0,20.0,13.0,12.0,2020-11-06 00:00:00,,,,
1,15.72188622,1011.0,22.0,14.0,12.0,2020-11-06 01:00:00,,,,
2,15.72188622,1011.0,24.0,15.0,12.0,2020-11-06 02:00:00,,,,
3,15.72188622,1010.0,25.0,16.0,11.0,2020-11-06 03:00:00,,,,
4,15.72188622,1010.0,26.0,17.0,11.0,2020-11-06 04:00:00,,,,
5,15.72188622,1011.0,26.0,17.0,11.0,2020-11-06 05:00:00,,,,
6,15.72188622,1011.0,27.0,17.0,10.0,2020-11-06 06:00:00,,,,
7,15.72188622,1012.0,26.0,53.0,9.0,2020-11-06 07:00:00,,,,
8,15.72188622,1012.0,26.0,90.0,8.0,2020-11-06 08:00:00,,,,
9,17.72188622,1013.0,26.0,126.0,7.0,2020-11-06 09:00:00,,,,
10,17.72188622,1012.0,27.0,193.0,8.0,2020-11-06 10:00:00,,,,
11,19.72188622,1012.0,27.0,260.0,8.0,2020-11-06 11:00:00,,,,
12,19.72188622,1012.0,27.0,328.0,9.0,2020-11-06 12:00:00,,,,
13,19.72188622,1011.0,24.0,324.0,11.0,2020-11-06 13:00:00,,,,
14,19.72188622,1010.0,21.0,320.0,14.0,2020-11-06 14:00:00,,,,
15,17.72188622,1010.0,18.0,317.0,16.0,2020-11-06 15:00:00,,,,
16,17.72188622,1010.0,17.0,322.0,16.0,2020-11-06 16:00:00,,,,
17,17.72188622,1010.0,16.0,327.0,15.0,2020-11-06 17:00:00,,,,
18,17.72188622,1010.0,15.0,333.0,14.0,2020-11-06 18:00:00,,,,
19,17.72188622,1011.0,14.0,300.0,13.0,2020-11-06 19:00:00,,,,
20,17.72188622,1012.0,13.0,267.0,12.0,2020-11-06 20:00:00,,,,
21,17.72188622,1012.0,13.0,234.0,11.0,2020-11-06 21:00:00,,,,
22,13.72188622,1012.0,11.0,164.0,10.0,2020-11-06 22:00:00,,,,
23,9.721886217,1012.0,10.0,93.0,9.0,2020-11-06 23:00:00,,,,
24,5.721886217,1012.0,9.0,23.0,9.0,2020-11-07 00:00:00,,,,
25,9.721886217,1012.0,9.0,26.0,9.0,2020-11-07 01:00:00,,,,
26,13.72188622,1012.0,8.0,28.0,8.0,2020-11-07 02:00:00,,,,
27,15.72188622,1011.0,8.0,31.0,8.0,2020-11-07 03:00:00,,,,
28,15.72188622,1012.0,8.0,27.0,9.0,2020-11-07 04:00:00,,,,
29,15.72188622,1012.0,8.0,23.0,9.0,2020-11-07 05:00:00,,,,
30,15.72188622,1012.0,8.0,20.0,9.0,2020-11-07 06:00:00,,,,
31,15.72188622,1013.0,8.0,56.0,9.0,2020-11-07 07:00:00,,,,
32,15.72188622,1013.0,8.0,91.0,9.0,2020-11-07 08:00:00,,,,
33,17.72188622,1014.0,9.0,127.0,9.0,2020-11-07 09:00:00,,,,
34,17.72188622,1013.0,9.0,198.0,10.0,2020-11-07 10:00:00,,,,
35,19.72188622,1013.0,9.0,268.0,10.0,2020-11-07 11:00:00,,,,
36,19.72188622,1013.0,9.0,338.0,11.0,2020-11-07 12:00:00,,,,
37,19.72188622,1012.0,9.0,334.0,14.0,2020-11-07 13:00:00,,,,
38,19.72188622,1011.0,9.0,329.0,16.0,2020-11-07 14:00:00,,,,
39,17.72188622,1011.0,9.0,324.0,19.0,2020-11-07 15:00:00,,,,
40,17.72188622,1011.0,8.0,327.0,19.0,2020-11-07 16:00:00,,,,
41,15.72188622,1011.0,8.0,331.0,19.0,2020-11-07 17:00:00,,,,
42,13.72188622,1011.0,7.0,334.0,19.0,2020-11-07 18:00:00,,,,
43,11.72188622,1012.0,7.0,337.0,17.0,2020-11-07 19:00:00,,,,
44,9.721886217,1012.0,6.0,341.0,15.0,2020-11-07 20:00:00,,,,
45,5.721886217,1013.0,5.0,345.0,14.0,2020-11-07 21:00:00,,,,
46,7.721886217,1013.0,4.0,234.0,12.0,2020-11-07 22:00:00,,,,
47,9.721886217,1012.0,2.0,124.0,10.0,2020-11-07 23:00:00,,,,
48,9.721886217,1012.0,1.0,13.0,8.0,2020-11-08 00:00:00,,,,
49,13.72188622,1012.0,1.0,21.0,7.0,2020-11-08 01:00:00,,,,
50,15.72188622,1012.0,2.0,29.0,6.0,2020-11-08 02:00:00,,,,
51,19.72188622,1012.0,3.0,38.0,5.0,2020-11-08 03:00:00,,,,
52,17.72188622,1012.0,3.0,44.0,6.0,2020-11-08 04:00:00,,,,
53,17.72188622,1012.0,4.0,51.0,6.0,2020-11-08 05:00:00,,,,
54,15.72188622,1012.0,4.0,58.0,7.0,2020-11-08 06:00:00,,,,
55,17.72188622,1013.0,5.0,91.0,6.0,2020-11-08 07:00:00,,,,
56,17.72188622,1014.0,5.0,124.0,6.0,2020-11-08 08:00:00,,,,
57,17.72188622,1014.0,5.0,157.0,5.0,2020-11-08 09:00:00,,,,
58,19.72188622,1014.0,6.0,215.0,6.0,2020-11-08 10:00:00,,,,
59,19.72188622,1014.0,6.0,273.0,7.0,2020-11-08 11:00:00,,,,
60,21.72188622,1013.0,7.0,332.0,8.0,2020-11-08 12:00:00,,,,
61,19.72188622,1013.0,7.0,323.0,11.0,2020-11-08 13:00:00,,,,
62,19.72188622,1012.0,7.0,315.0,14.0,2020-11-08 14:00:00,,,,
63,19.72188622,1012.0,7.0,307.0,17.0,2020-11-08 15:00:00,,,,
64,17.72188622,1012.0,7.0,313.0,17.0,2020-11-08 16:00:00,,,,
65,15.72188622,1012.0,7.0,318.0,17.0,2020-11-08 17:00:00,,,,
66,15.72188622,1012.0,6.0,324.0,17.0,2020-11-08 18:00:00,,,,
67,13.72188622,1013.0,6.0,292.0,15.0,2020-11-08 19:00:00,,,,
68,11.72188622,1013.0,6.0,259.0,13.0,2020-11-08 20:00:00,,,,
69,9.721886217,1014.0,5.0,226.0,11.0,2020-11-08 21:00:00,,,,
70,9.721886217,1014.0,6.0,159.0,9.0,2020-11-08 22:00:00,,,,
71,9.721886217,1013.0,7.0,91.0,8.0,2020-11-08 23:00:00,,,,
72,9.721886217,1013.0,8.0,24.0,6.0,2020-11-09 00:00:00,,,,
73,11.72188622,1013.0,8.0,60.0,6.0,2020-11-09 01:00:00,,,,
74,13.72188622,1013.0,8.0,96.0,6.0,2020-11-09 02:00:00,,,,
75,15.72188622,1012.0,9.0,132.0,6.0,2020-11-09 03:00:00,,,,
76,15.72188622,1013.0,9.0,173.0,7.0,2020-11-09 04:00:00,,,,
77,15.72188622,1013.0,10.0,214.0,7.0,2020-11-09 05:00:00,,,,
78,13.72188622,1013.0,11.0,255.0,8.0,2020-11-09 06:00:00,,,,
79,15.72188622,1013.0,11.0,217.0,7.0,2020-11-09 07:00:00,,,,
80,15.72188622,1014.0,11.0,179.0,7.0,2020-11-09 08:00:00,,,,
81,15.72188622,1014.0,12.0,142.0,6.0,2020-11-09 09:00:00,,,,
82,17.72188622,1014.0,11.0,201.0,7.0,2020-11-09 10:00:00,,,,
83,17.72188622,1014.0,11.0,260.0,8.0,2020-11-09 11:00:00,,,,
84,19.72188622,1013.0,10.0,319.0,9.0,2020-11-09 12:00:00,,,,
85,19.72188622,1013.0,9.0,314.0,12.0,2020-11-09 13:00:00,,,,
86,17.72188622,1012.0,9.0,309.0,15.0,2020-11-09 14:00:00,,,,
87,17.72188622,1011.0,8.0,304.0,19.0,2020-11-09 15:00:00,,,,
88,17.72188622,1011.0,9.0,306.0,19.0,2020-11-09 16:00:00,,,,
89,15.72188622,1012.0,11.0,309.0,18.0,2020-11-09 17:00:00,,,,
90,15.72188622,1012.0,12.0,311.0,18.0,2020-11-09 18:00:00,,,,
91,15.72188622,1012.0,14.0,279.0,16.0,2020-11-09 19:00:00,,,,
92,15.72188622,1013.0,15.0,247.0,13.0,2020-11-09 20:00:00,,,,
93,15.72188622,1013.0,17.0,215.0,10.0,2020-11-09 21:00:00,,,,
94,13.72188622,1013.0,17.0,223.0,10.0,2020-11-09 22:00:00,,,,
95,13.72188622,1013.0,18.0,232.0,10.0,2020-11-09 23:00:00,,,,
96,13.72188622,1013.0,18.0,241.0,9.0,2020-11-10 00:00:00,,,,
97,13.72188622,1013.0,18.0,166.0,9.0,2020-11-10 01:00:00,,,,
98,13.72188622,1013.0,17.0,91.0,9.0,2020-11-10 02:00:00,,,,
99,11.72188622,1012.0,17.0,16.0,9.0,2020-11-10 03:00:00,,,,
100,11.72188622,1012.0,16.0,21.0,9.0,2020-11-10 04:00:00,,,,
101,11.72188622,1013.0,16.0,27.0,9.0,2020-11-10 05:00:00,,,,
102,11.72188622,1013.0,15.0,32.0,9.0,2020-11-10 06:00:00,,,,
103,13.72188622,1013.0,15.0,45.0,8.0,2020-11-10 07:00:00,,,,
104,13.72188622,1013.0,15.0,58.0,7.0,2020-11-10 08:00:00,,,,
105,15.72188622,1014.0,15.0,72.0,6.0,2020-11-10 09:00:00,,,,
106,15.72188622,1013.0,15.0,99.0,6.0,2020-11-10 10:00:00,,,,
107,17.72188622,1013.0,15.0,126.0,6.0,2020-11-10 11:00:00,,,,
108,19.72188622,1012.0,15.0,153.0,6.0,2020-11-10 12:00:00,,,,
109,19.72188622,1012.0,15.0,195.0,8.0,2020-11-10 13:00:00,,,,
110,19.72188622,1011.0,15.0,237.0,10.0,2020-11-10 14:00:00,,,,
111,17.72188622,1010.0,15.0,280.0,12.0,2020-11-10 15:00:00,,,,
112,17.72188622,1010.0,15.0,288.0,13.0,2020-11-10 16:00:00,,,,
113,15.72188622,1011.0,14.0,297.0,14.0,2020-11-10 17:00:00,,,,
114,15.72188622,1011.0,14.0,305.0,14.0,2020-11-10 18:00:00,,,,
115,15.72188622,1011.0,13.0,282.0,13.0,2020-11-10 19:00:00,,,,
116,15.72188622,1011.0,12.0,259.0,12.0,2020-11-10 20:00:00,,,,
117,15.72188622,1012.0,12.0,236.0,10.0,2020-11-10 21:00:00,,,,
118,11.72188622,1012.0,12.0,165.0,9.0,2020-11-10 22:00:00,,,,
119,9.721886217,1012.0,12.0,94.0,9.0,2020-11-10 23:00:00,,,,
120,5.721886217,1012.0,13.0,24.0,8.0,2020-11-11 00:00:00,,,,
121,7.721886217,1011.0,13.0,29.0,8.0,2020-11-11 01:00:00,,,,
122,11.72188622,1011.0,14.0,34.0,7.0,2020-11-11 02:00:00,,,,
123,13.72188622,1011.0,14.0,39.0,7.0,2020-11-11 03:00:00,,,,
124,13.72188622,1011.0,14.0,38.0,7.0,2020-11-11 04:00:00,,,,
125,13.72188622,1011.0,13.0,37.0,8.0,2020-11-11 05:00:00,,,,
126,13.72188622,1012.0,12.0,36.0,8.0,2020-11-11 06:00:00,,,,
127,13.72188622,1012.0,11.0,45.0,8.0,2020-11-11 07:00:00,,,,
128,13.72188622,1012.0,10.0,53.0,8.0,2020-11-11 08:00:00,,,,
129,15.72188622,1013.0,9.0,62.0,8.0,2020-11-11 09:00:00,,,,
130,17.72188622,1012.0,9.0,90.0,7.0,2020-11-11 10:00:00,,,,
131,17.72188622,1012.0,9.0,118.0,6.0,2020-11-11 11:00:00,,,,
132,19.72188622,1012.0,9.0,146.0,5.0,2020-11-11 12:00:00,,,,
133,19.72188622,1011.0,8.0,193.0,7.0,2020-11-11 13:00:00,,,,
134,19.72188622,1010.0,8.0,239.0,8.0,2020-11-11 14:00:00,,,,
135,19.72188622,1010.0,7.0,285.0,10.0,2020-11-11 15:00:00,,,,
136,19.72188622,1010.0,7.0,298.0,12.0,2020-11-11 16:00:00,,,,
137,17.72188622,1010.0,7.0,312.0,15.0,2020-11-11 17:00:00,,,,
138,15.72188622,1010.0,6.0,325.0,17.0,2020-11-11 18:00:00,,,,
139,15.72188622,1011.0,6.0,299.0,16.0,2020-11-11 19:00:00,,,,
140,13.72188622,1012.0,5.0,272.0,14.0,2020-11-11 20:00:00,,,,
141,13.72188622,1012.0,4.0,245.0,13.0,2020-11-11 21:00:00,,,,
142,11.72188622,1012.0,6.0,181.0,11.0,2020-11-11 22:00:00,,,,
143,11.72188622,1012.0,7.0,116.0,9.0,2020-11-11 23:00:00,,,,
144,9.721886217,1012.0,9.0,52.0,7.0,2020-11-12 00:00:00,,,,
145,11.72188622,1012.0,8.0,45.0,8.0,2020-11-12 01:00:00,,,,
146,13.72188622,1012.0,7.0,38.0,8.0,2020-11-12 02:00:00,,,,
147,13.72188622,1011.0,6.0,31.0,9.0,2020-11-12 03:00:00,,,,
148,13.72188622,1012.0,6.0,31.0,10.0,2020-11-12 04:00:00,,,,
149,13.72188622,1012.0,5.0,30.0,10.0,2020-11-12 05:00:00,,,,
150,13.72188622,1012.0,5.0,29.0,11.0,2020-11-12 06:00:00,,,,
151,13.72188622,1013.0,4.0,38.0,11.0,2020-11-12 07:00:00,,,,
152,13.72188622,1013.0,4.0,47.0,11.0,2020-11-12 08:00:00,,,,
153,15.72188622,1014.0,4.0,55.0,11.0,2020-11-12 09:00:00,,,,
154,17.72188622,1013.0,4.0,87.0,11.0,2020-11-12 10:00:00,,,,
155,19.72188622,1013.0,3.0,118.0,11.0,2020-11-12 11:00:00,,,,
156,21.72188622,1012.0,3.0,150.0,10.0,2020-11-12 12:00:00,,,,
157,21.72188622,1012.0,3.0,212.0,12.0,2020-11-12 13:00:00,,,,
158,21.72188622,1011.0,3.0,274.0,13.0,2020-11-12 14:00:00,,,,
159,21.72188622,1011.0,3.0,335.0,15.0,2020-11-12 15:00:00,,,,
160,19.72188622,1011.0,3.0,300.0,16.0,2020-11-12 16:00:00,,,,
161,17.72188622,1011.0,3.0,264.0,17.0,2020-11-12 17:00:00,,,,
162,15.72188622,1012.0,3.0,228.0,18.0,2020-11-12 18:00:00,,,,
163,11.72188622,1012.0,4.0,160.0,17.0,2020-11-12 19:00:00,,,,
164,9.721886217,1013.0,4.0,92.0,16.0,2020-11-12 20:00:00,,,,
165,5.721886217,1013.0,4.0,24.0,15.0,2020-11-12 21:00:00,,,,
166,9.721886217,1013.0,4.0,35.0,15.0,2020-11-12 22:00:00,,,,
167,11.72188622,1013.0,3.0,47.0,15.0,2020-11-12 23:00:00,,,,
168,15.72188622,1013.0,3.0,58.0,16.0,2020-11-13 00:00:00,,,,
169,15.72188622,1013.0,3.0,58.0,15.0,2020-11-13 01:00:00,,,,
170,15.72188622,1013.0,3.0,59.0,13.0,2020-11-13 02:00:00,,,,
171,13.72188622,1013.0,3.0,59.0,12.0,2020-11-13 03:00:00,,,,
172,13.72188622,1013.0,3.0,59.0,12.0,2020-11-13 04:00:00,,,,
173,13.72188622,1013.0,4.0,58.0,12.0,2020-11-13 05:00:00,,,,
174,13.72188622,1014.0,4.0,58.0,12.0,2020-11-13 06:00:00,,,,
175,13.72188622,1014.0,4.0,57.0,13.0,2020-11-13 07:00:00,,,,
176,13.72188622,1015.0,5.0,57.0,13.0,2020-11-13 08:00:00,,,,
177,13.72188622,1015.0,5.0,56.0,14.0,2020-11-13 09:00:00,,,,
178,15.72188622,1015.0,6.0,89.0,14.0,2020-11-13 10:00:00,,,,
179,17.72188622,1015.0,6.0,122.0,14.0,2020-11-13 11:00:00,,,,
180,19.72188622,1014.0,7.0,154.0,14.0,2020-11-13 12:00:00,,,,
181,19.72188622,1013.0,9.0,181.0,13.0,2020-11-13 13:00:00,,,,
182,19.72188622,1013.0,12.0,207.0,13.0,2020-11-13 14:00:00,,,,
183,19.72188622,1012.0,14.0,234.0,13.0,2020-11-13 15:00:00,,,,
184,19.72188622,1012.0,16.0,164.0,14.0,2020-11-13 16:00:00,,,,
185,19.72188622,1013.0,18.0,94.0,15.0,2020-11-13 17:00:00,,,,
186,19.72188622,1013.0,20.0,25.0,15.0,2020-11-13 18:00:00,,,,
187,17.72188622,1014.0,20.0,38.0,17.0,2020-11-13 19:00:00,,,,
188,17.72188622,1014.0,19.0,52.0,18.0,2020-11-13 20:00:00,,,,
189,15.72188622,1015.0,19.0,65.0,20.0,2020-11-13 21:00:00,,,,
190,15.72188622,1015.0,14.0,65.0,18.0,2020-11-13 22:00:00,,,,
191,15.72188622,1015.0,10.0,64.0,15.0,2020-11-13 23:00:00,,,,
192,15.72188622,1015.0,6.0,64.0,13.0,2020-11-14 00:00:00,,,,
193,15.72188622,1015.0,5.0,61.0,13.0,2020-11-14 01:00:00,,,,
194,13.72188622,1015.0,4.0,58.0,12.0,2020-11-14 02:00:00,,,,
195,13.72188622,1015.0,3.0,54.0,12.0,2020-11-14 03:00:00,,,,
196,13.72188622,1015.0,4.0,57.0,13.0,2020-11-14 04:00:00,,,,
197,11.72188622,1015.0,5.0,60.0,13.0,2020-11-14 05:00:00,,,,
198,11.72188622,1015.0,6.0,62.0,14.0,2020-11-14 06:00:00,,,,
199,11.72188622,1016.0,8.0,65.0,14.0,2020-11-14 07:00:00,,,,
200,11.72188622,1016.0,9.0,67.0,14.0,2020-11-14 08:00:00,,,,
201,13.72188622,1016.0,11.0,70.0,14.0,2020-11-14 09:00:00,,,,
202,13.72188622,1016.0,13.0,64.0,14.0,2020-11-14 10:00:00,,,,
203,15.72188622,1015.0,16.0,57.0,14.0,2020-11-14 11:00:00,,,,
204,17.72188622,1015.0,18.0,51.0,14.0,2020-11-14 12:00:00,,,,
205,17.72188622,1014.0,21.0,79.0,13.0,2020-11-14 13:00:00,,,,
206,17.72188622,1013.0,23.0,107.0,12.0,2020-11-14 14:00:00,,,,
207,19.72188622,1012.0,26.0,135.0,11.0,2020-11-14 15:00:00,,,,
208,17.72188622,1013.0,28.0,175.0,11.0,2020-11-14 16:00:00,,,,
209,17.72188622,1013.0,29.0,215.0,12.0,2020-11-14 17:00:00,,,,
210,17.72188622,1013.0,31.0,255.0,12.0,2020-11-14 18:00:00,,,,
211,17.72188622,1013.0,30.0,192.0,12.0,2020-11-14 19:00:00,,,,
212,17.72188622,1014.0,29.0,130.0,12.0,2020-11-14 20:00:00,,,,
213,17.72188622,1014.0,28.0,68.0,12.0,2020-11-14 21:00:00,,,,
214,15.72188622,1014.0,49.0,80.0,12.0,2020-11-14 22:00:00,,,,
215,15.72188622,1014.0,70.0,93.0,12.0,2020-11-14 23:00:00,,,,
216,15.72188622,1014.0,91.0,105.0,12.0,2020-11-15 00:00:00,,,,
217,15.72188622,1013.0,92.0,102.0,13.0,2020-11-15 01:00:00,,,,
218,13.72188622,1013.0,92.0,99.0,14.0,2020-11-15 02:00:00,,,,
219,13.72188622,1013.0,93.0,96.0,14.0,2020-11-15 03:00:00,,,,
220,13.72188622,1013.0,85.0,92.0,15.0,2020-11-15 04:00:00,,,,
221,13.72188622,1013.0,77.0,87.0,15.0,2020-11-15 05:00:00,,,,
222,13.72188622,1013.0,68.0,82.0,15.0,2020-11-15 06:00:00,,,,
223,13.72188622,1014.0,58.0,84.0,15.0,2020-11-15 07:00:00,,,,
224,15.72188622,1014.0,48.0,86.0,15.0,2020-11-15 08:00:00,,,,
225,15.72188622,1015.0,38.0,88.0,15.0,2020-11-15 09:00:00,,,,
226,17.72188622,1015.0,36.0,112.0,14.0,2020-11-15 10:00:00,,,,
227,17.72188622,1014.0,34.0,135.0,12.0,2020-11-15 11:00:00,,,,
228,19.72188622,1014.0,33.0,159.0,11.0,2020-11-15 12:00:00,,,,
229,19.72188622,1013.0,39.0,197.0,10.0,2020-11-15 13:00:00,,,,
230,19.72188622,1012.0,46.0,235.0,10.0,2020-11-15 14:00:00,,,,
231,19.72188622,1012.0,53.0,274.0,10.0,2020-11-15 15:00:00,,,,
232,17.72188622,1012.0,53.0,283.0,10.0,2020-11-15 16:00:00,,,,
233,17.72188622,1012.0,53.0,291.0,11.0,2020-11-15 17:00:00,,,,
234,15.72188622,1013.0,53.0,300.0,11.0,2020-11-15 18:00:00,,,,
235,15.72188622,1013.0,52.0,308.0,10.0,2020-11-15 19:00:00,,,,
236,15.72188622,1014.0,52.0,316.0,9.0,2020-11-15 20:00:00,,,,
237,15.72188622,1014.0,51.0,325.0,9.0,2020-11-15 21:00:00,,,,
238,15.72188622,1014.0,44.0,293.0,9.0,2020-11-15 22:00:00,,,,
239,15.72188622,1014.0,37.0,261.0,10.0,2020-11-15 23:00:00,,,,
240,13.72188622,1014.0,31.0,229.0,11.0,2020-11-16 00:00:00,,,,
241,13.72188622,1014.0,34.0,157.0,10.0,2020-11-16 01:00:00,,,,
242,13.72188622,1013.0,37.0,86.0,10.0,2020-11-16 02:00:00,,,,
243,13.72188622,1013.0,40.0,15.0,9.0,2020-11-16 03:00:00,,,,
244,13.72188622,1013.0,40.0,22.0,9.0,2020-11-16 04:00:00,,,,
245,13.72188622,1013.0,39.0,29.0,9.0,2020-11-16 05:00:00,,,,
246,13.72188622,1013.0,39.0,36.0,9.0,2020-11-16 06:00:00,,,,
247,13.72188622,1014.0,33.0,37.0,8.0,2020-11-16 07:00:00,,,,
248,15.72188622,1014.0,28.0,39.0,8.0,2020-11-16 08:00:00,,,,
249,15.72188622,1015.0,22.0,40.0,7.0,2020-11-16 09:00:00,,,,
250,17.72188622,1014.0,23.0,68.0,7.0,2020-11-16 10:00:00,,,,
251,19.72188622,1014.0,23.0,96.0,7.0,2020-11-16 11:00:00,,,,
252,19.72188622,1014.0,24.0,124.0,7.0,2020-11-16 12:00:00,,,,
253,19.72188622,1013.0,24.0,187.0,9.0,2020-11-16 13:00:00,,,,
254,19.72188622,1012.0,25.0,251.0,10.0,2020-11-16 14:00:00,,,,
255,19.72188622,1012.0,25.0,315.0,12.0,2020-11-16 15:00:00,,,,
256,19.72188622,1012.0,27.0,321.0,12.0,2020-11-16 16:00:00,,,,
257,19.72188622,1012.0,29.0,326.0,13.0,2020-11-16 17:00:00,,,,
258,17.72188622,1013.0,31.0,332.0,13.0,2020-11-16 18:00:00,,,,
259,17.72188622,1013.0,34.0,300.0,12.0,2020-11-16 19:00:00,,,,
260,17.72188622,1014.0,37.0,268.0,12.0,2020-11-16 20:00:00,,,,
261,17.72188622,1014.0,40.0,237.0,11.0,2020-11-16 21:00:00,,,,
262,17.72188622,1014.0,40.0,165.0,10.0,2020-11-16 22:00:00,,,,
263,17.72188622,1014.0,39.0,94.0,9.0,2020-11-16 23:00:00,,,,
264,17.72188622,1015.0,39.0,22.0,8.0,2020-11-17 00:00:00,,,,
265,17.72188622,1014.0,34.0,25.0,7.0,2020-11-17 01:00:00,,,,
266,15.72188622,1014.0,29.0,28.0,7.0,2020-11-17 02:00:00,,,,
267,15.72188622,1013.0,24.0,31.0,6.0,2020-11-17 03:00:00,,,,
268,15.72188622,1013.0,22.0,30.0,7.0,2020-11-17 04:00:00,,,,
269,15.72188622,1014.0,20.0,28.0,7.0,2020-11-17 05:00:00,,,,
270,15.72188622,1014.0,17.0,27.0,8.0,2020-11-17 06:00:00,,,,
271,17.72188622,1014.0,15.0,31.0,8.0,2020-11-17 07:00:00,,,,
272,17.72188622,1015.0,12.0,36.0,8.0,2020-11-17 08:00:00,,,,
273,19.72188622,1015.0,9.0,40.0,8.0,2020-11-17 09:00:00,,,,
274,19.72188622,1015.0,8.0,74.0,8.0,2020-11-17 10:00:00,,,,
275,21.72188622,1014.0,7.0,109.0,8.0,2020-11-17 11:00:00,,,,
276,21.72188622,1014.0,6.0,144.0,8.0,2020-11-17 12:00:00,,,,
277,21.72188622,1013.0,7.0,201.0,11.0,2020-11-17 13:00:00,,,,
278,21.72188622,1012.0,9.0,259.0,14.0,2020-11-17 14:00:00,,,,
279,21.72188622,1012.0,10.0,317.0,17.0,2020-11-17 15:00:00,,,,
280,19.72188622,1012.0,10.0,321.0,18.0,2020-11-17 16:00:00,,,,
281,19.72188622,1012.0,10.0,326.0,19.0,2020-11-17 17:00:00,,,,
282,17.72188622,1012.0,10.0,331.0,21.0,2020-11-17 18:00:00,,,,
283,15.72188622,1012.0,9.0,300.0,18.0,2020-11-17 19:00:00,,,,
284,15.72188622,1013.0,9.0,270.0,15.0,2020-11-17 20:00:00,,,,
285,13.72188622,1014.0,8.0,240.0,13.0,2020-11-17 21:00:00,,,,
286,15.72188622,1014.0,11.0,238.0,11.0,2020-11-17 22:00:00,,,,
287,15.72188622,1014.0,14.0,236.0,9.0,2020-11-17 23:00:00,,,,
288,17.72188622,1014.0,18.0,234.0,7.0,2020-11-18 00:00:00,,,,
289,17.72188622,1013.0,17.0,173.0,7.0,2020-11-18 01:00:00,,,,
290,15.72188622,1013.0,16.0,112.0,6.0,2020-11-18 02:00:00,,,,
291,15.72188622,1013.0,15.0,51.0,6.0,2020-11-18 03:00:00,,,,
292,15.72188622,1013.0,15.0,66.0,7.0,2020-11-18 04:00:00,,,,
293,15.72188622,1013.0,14.0,81.0,8.0,2020-11-18 05:00:00,,,,
294,15.72188622,1013.0,13.0,97.0,8.0,2020-11-18 06:00:00,,,,
295,15.72188622,1014.0,11.0,98.0,9.0,2020-11-18 07:00:00,,,,
296,17.72188622,1014.0,9.0,99.0,9.0,2020-11-18 08:00:00,,,,
297,17.72188622,1015.0,7.0,99.0,10.0,2020-11-18 09:00:00,,,,
298,19.72188622,1014.0,6.0,124.0,10.0,2020-11-18 10:00:00,,,,
299,21.72188622,1014.0,5.0,149.0,9.0,2020-11-18 11:00:00,,,,
300,21.72188622,1013.0,4.0,174.0,9.0,2020-11-18 12:00:00,,,,
301,21.72188622,1012.0,5.0,210.0,11.0,2020-11-18 13:00:00,,,,
302,21.72188622,1012.0,5.0,245.0,12.0,2020-11-18 14:00:00,,,,
303,21.72188622,1011.0,6.0,280.0,14.0,2020-11-18 15:00:00,,,,
304,19.72188622,1011.0,5.0,289.0,14.0,2020-11-18 16:00:00,,,,
305,17.72188622,1011.0,5.0,297.0,15.0,2020-11-18 17:00:00,,,,
306,15.72188622,1011.0,5.0,306.0,15.0,2020-11-18 18:00:00,,,,
307,11.72188622,1011.0,4.0,318.0,13.0,2020-11-18 19:00:00,,,,
308,9.721886217,1012.0,4.0,331.0,11.0,2020-11-18 20:00:00,,,,
309,5.721886217,1012.0,3.0,343.0,9.0,2020-11-18 21:00:00,,,,
310,7.721886217,1012.0,3.0,315.0,8.0,2020-11-18 22:00:00,,,,
311,9.721886217,1012.0,2.0,286.0,8.0,2020-11-18 23:00:00,,,,
312,11.72188622,1012.0,2.0,257.0,8.0,2020-11-19 00:00:00,,,,
313,13.72188622,1012.0,1.0,200.0,7.0,2020-11-19 01:00:00,,,,
314,17.72188622,1011.0,1.0,143.0,7.0,2020-11-19 02:00:00,,,,
315,21.72188622,1011.0,0.0,85.0,7.0,2020-11-19 03:00:00,,,,
316,19.72188622,1011.0,0.0,91.0,8.0,2020-11-19 04:00:00,,,,
317,19.72188622,1012.0,0.0,97.0,8.0,2020-11-19 05:00:00,,,,
318,17.72188622,1012.0,0.0,103.0,9.0,2020-11-19 06:00:00,,,,
319,19.72188622,1012.0,0.0,101.0,8.0,2020-11-19 07:00:00,,,,
320,19.72188622,1013.0,0.0,99.0,8.0,2020-11-19 08:00:00,,,,
321,19.72188622,1014.0,0.0,97.0,8.0,2020-11-19 09:00:00,,,,
322,21.72188622,1013.0,0.0,118.0,7.0,2020-11-19 10:00:00,,,,
323,23.72188622,1013.0,0.0,138.0,6.0,2020-11-19 11:00:00,,,,
324,25.72188622,1013.0,0.0,159.0,6.0,2020-11-19 12:00:00,,,,
325,25.72188622,1012.0,0.0,200.0,7.0,2020-11-19 13:00:00,,,,
326,25.72188622,1011.0,0.0,241.0,8.0,2020-11-19 14:00:00,,,,
327,25.72188622,1010.0,0.0,282.0,9.0,2020-11-19 15:00:00,,,,
328,23.72188622,1011.0,0.0,294.0,11.0,2020-11-19 16:00:00,,,,
329,21.72188622,1011.0,0.0,306.0,13.0,2020-11-19 17:00:00,,,,
330,21.72188622,1011.0,1.0,318.0,14.0,2020-11-19 18:00:00,,,,
331,19.72188622,1011.0,1.0,293.0,13.0,2020-11-19 19:00:00,,,,
332,17.72188622,1012.0,1.0,268.0,12.0,2020-11-19 20:00:00,,,,
333,17.72188622,1012.0,1.0,243.0,11.0,2020-11-19 21:00:00,,,,
334,15.72188622,1012.0,1.0,178.0,9.0,2020-11-19 22:00:00,,,,
335,13.72188622,1012.0,1.0,113.0,8.0,2020-11-19 23:00:00,,,,
336,11.72188622,1012.0,1.0,49.0,6.0,2020-11-20 00:00:00,,,,
337,13.72188622,1011.0,1.0,51.0,6.0,2020-11-20 01:00:00,,,,
338,17.72188622,1011.0,0.0,53.0,6.0,2020-11-20 02:00:00,,,,
339,19.72188622,1010.0,0.0,56.0,6.0,2020-11-20 03:00:00,,,,
340,19.72188622,1011.0,0.0,57.0,7.0,2020-11-20 04:00:00,,,,
341,17.72188622,1011.0,0.0,58.0,8.0,2020-11-20 05:00:00,,,,
342,17.72188622,1011.0,0.0,59.0,8.0,2020-11-20 06:00:00,,,,
343,17.72188622,1012.0,0.0,66.0,9.0,2020-11-20 07:00:00,,,,
344,17.72188622,1012.0,0.0,73.0,9.0,2020-11-20 08:00:00,,,,
345,19.72188622,1013.0,0.0,80.0,9.0,2020-11-20 09:00:00,,,,
346,19.72188622,1012.0,0.0,108.0,9.0,2020-11-20 10:00:00,,,,
347,21.72188622,1012.0,0.0,136.0,9.0,2020-11-20 11:00:00,,,,
348,23.72188622,1011.0,0.0,163.0,8.0,2020-11-20 12:00:00,,,,
349,25.72188622,1011.0,0.0,209.0,9.0,2020-11-20 13:00:00,,,,
350,25.72188622,1010.0,0.0,255.0,9.0,2020-11-20 14:00:00,,,,
351,25.72188622,1009.0,0.0,301.0,9.0,2020-11-20 15:00:00,,,,
352,25.72188622,1009.0,0.0,308.0,11.0,2020-11-20 16:00:00,,,,
353,23.72188622,1010.0,0.0,315.0,12.0,2020-11-20 17:00:00,,,,
354,21.72188622,1010.0,0.0,323.0,14.0,2020-11-20 18:00:00,,,,
355,19.72188622,1010.0,0.0,295.0,13.0,2020-11-20 19:00:00,,,,
356,19.72188622,1011.0,0.0,267.0,12.0,2020-11-20 20:00:00,,,,
357,17.72188622,1011.0,0.0,239.0,11.0,2020-11-20 21:00:00,,,,
358,15.72188622,1011.0,0.0,177.0,9.0,2020-11-20 22:00:00,,,,
359,15.72188622,1011.0,0.0,115.0,8.0,2020-11-20 23:00:00,,,,
360,13.72188622,1012.0,0.0,53.0,6.0,2020-11-21 00:00:00,,,,
361,15.72188622,1011.0,0.0,60.0,6.0,2020-11-21 01:00:00,,,,
362,17.72188622,1011.0,0.0,66.0,7.0,2020-11-21 02:00:00,,,,
363,19.72188622,1010.0,0.0,73.0,7.0,2020-11-21 03:00:00,,,,
364,19.72188622,1011.0,0.0,70.0,8.0,2020-11-21 04:00:00,,,,
365,17.72188622,1011.0,0.0,67.0,8.0,2020-11-21 05:00:00,,,,
366,17.72188622,1011.0,0.0,64.0,9.0,2020-11-21 06:00:00,,,,
367,17.72188622,1012.0,0.0,64.0,9.0,2020-11-21 07:00:00,,,,
368,17.72188622,1012.0,0.0,65.0,9.0,2020-11-21 08:00:00,,,,
369,17.72188622,1013.0,0.0,65.0,9.0,2020-11-21 09:00:00,,,,
370,19.72188622,1012.0,0.0,95.0,9.0,2020-11-21 10:00:00,,,,
371,21.72188622,1012.0,0.0,125.0,8.0,2020-11-21 11:00:00,,,,
372,25.72188622,1011.0,0.0,154.0,7.0,2020-11-21 12:00:00,,,,
373,25.72188622,1011.0,0.0,204.0,8.0,2020-11-21 13:00:00,,,,
374,25.72188622,1010.0,0.0,254.0,8.0,2020-11-21 14:00:00,,,,
375,27.72188622,1009.0,0.0,304.0,9.0,2020-11-21 15:00:00,,,,
376,25.72188622,1009.0,0.0,310.0,10.0,2020-11-21 16:00:00,,,,
377,23.72188622,1010.0,0.0,316.0,12.0,2020-11-21 17:00:00,,,,
378,21.72188622,1010.0,0.0,323.0,13.0,2020-11-21 18:00:00,,,,
379,21.72188622,1010.0,0.0,296.0,12.0,2020-11-21 19:00:00,,,,
380,19.72188622,1011.0,0.0,270.0,12.0,2020-11-21 20:00:00,,,,
381,17.72188622,1012.0,0.0,244.0,11.0,2020-11-21 21:00:00,,,,
382,17.72188622,1012.0,0.0,179.0,11.0,2020-11-21 22:00:00,,,,
383,19.72188622,1012.0,0.0,113.0,10.0,2020-11-21 23:00:00,,,,
384,19.72188622,1012.0,0.0,48.0,10.0,2020-11-22 00:00:00,,,,
385,19.72188622,1012.0,0.0,56.0,10.0,2020-11-22 01:00:00,,,,
386,17.72188622,1012.0,0.0,64.0,10.0,2020-11-22 02:00:00,,,,
387,17.72188622,1012.0,0.0,72.0,10.0,2020-11-22 03:00:00,,,,
388,17.72188622,1012.0,0.0,75.0,10.0,2020-11-22 04:00:00,,,,
389,15.72188622,1012.0,0.0,79.0,11.0,2020-11-22 05:00:00,,,,
390,15.72188622,1013.0,0.0,83.0,11.0,2020-11-22 06:00:00,,,,
391,15.72188622,1013.0,0.0,83.0,12.0,2020-11-22 07:00:00,,,,
392,15.72188622,1014.0,0.0,84.0,12.0,2020-11-22 08:00:00,,,,
393,17.72188622,1015.0,0.0,85.0,13.0,2020-11-22 09:00:00,,,,
394,19.72188622,1014.0,0.0,83.0,12.0,2020-11-22 10:00:00,,,,
395,21.72188622,1014.0,0.0,81.0,12.0,2020-11-22 11:00:00,,,,
396,23.72188622,1013.0,0.0,80.0,11.0,2020-11-22 12:00:00,,,,
397,25.72188622,1013.0,0.0,101.0,10.0,2020-11-22 13:00:00,,,,
398,27.72188622,1012.0,0.0,122.0,9.0,2020-11-22 14:00:00,,,,
399,27.72188622,1011.0,0.0,143.0,8.0,2020-11-22 15:00:00,,,,
400,25.72188622,1011.0,0.0,208.0,10.0,2020-11-22 16:00:00,,,,
401,23.72188622,1011.0,0.0,273.0,13.0,2020-11-22 17:00:00,,,,
402,21.72188622,1012.0,0.0,337.0,15.0,2020-11-22 18:00:00,,,,
403,19.72188622,1012.0,0.0,310.0,15.0,2020-11-22 19:00:00,,,,
404,15.72188622,1013.0,0.0,282.0,15.0,2020-11-22 20:00:00,,,,
405,13.72188622,1013.0,0.0,254.0,15.0,2020-11-22 21:00:00,,,,
406,13.72188622,1014.0,0.0,182.0,12.0,2020-11-22 22:00:00,,,,
407,13.72188622,1014.0,0.0,110.0,10.0,2020-11-22 23:00:00,,,,
408,11.72188622,1014.0,0.0,37.0,8.0,2020-11-23 00:00:00,,,,
409,13.72188622,1014.0,0.0,47.0,9.0,2020-11-23 01:00:00,,,,
410,15.72188622,1013.0,0.0,57.0,9.0,2020-11-23 02:00:00,,,,
411,17.72188622,1013.0,0.0,67.0,10.0,2020-11-23 03:00:00,,,,
412,15.72188622,1013.0,0.0,69.0,11.0,2020-11-23 04:00:00,,,,
413,15.72188622,1014.0,0.0,72.0,12.0,2020-11-23 05:00:00,,,,
414,13.72188622,1014.0,0.0,74.0,13.0,2020-11-23 06:00:00,,,,
415,15.72188622,1015.0,0.0,78.0,13.0,2020-11-23 07:00:00,,,,
416,15.72188622,1015.0,0.0,82.0,13.0,2020-11-23 08:00:00,,,,
417,15.72188622,1016.0,0.0,86.0,13.0,2020-11-23 09:00:00,,,,
418,19.72188622,1015.0,0.0,115.0,12.0,2020-11-23 10:00:00,,,,
419,21.72188622,1015.0,0.0,143.0,11.0,2020-11-23 11:00:00,,,,
420,23.72188622,1015.0,0.0,172.0,10.0,2020-11-23 12:00:00,,,,
421,25.72188622,1014.0,0.0,225.0,9.0,2020-11-23 13:00:00,,,,
422,25.72188622,1014.0,0.0,279.0,8.0,2020-11-23 14:00:00,,,,
423,27.72188622,1013.0,0.0,332.0,7.0,2020-11-23 15:00:00,,,,
424,25.72188622,1013.0,0.0,334.0,10.0,2020-11-23 16:00:00,,,,
425,23.72188622,1013.0,0.0,335.0,12.0,2020-11-23 17:00:00,,,,
426,21.72188622,1013.0,0.0,337.0,15.0,2020-11-23 18:00:00,,,,
427,19.72188622,1014.0,0.0,315.0,14.0,2020-11-23 19:00:00,,,,
428,19.72188622,1014.0,0.0,292.0,12.0,2020-11-23 20:00:00,,,,
429,17.72188622,1015.0,0.0,270.0,11.0,2020-11-23 21:00:00,,,,
430,15.72188622,1015.0,0.0,205.0,10.0,2020-11-23 22:00:00,,,,
431,13.72188622,1015.0,0.0,140.0,9.0,2020-11-23 23:00:00,,,,
432,11.72188622,1015.0,0.0,75.0,8.0,2020-11-24 00:00:00,,,,
433,13.72188622,1014.0,0.0,75.0,9.0,2020-11-24 01:00:00,,,,
434,15.72188622,1014.0,0.0,74.0,10.0,2020-11-24 02:00:00,,,,
435,17.72188622,1013.0,0.0,74.0,11.0,2020-11-24 03:00:00,,,,
436,15.72188622,1014.0,0.0,75.0,12.0,2020-11-24 04:00:00,,,,
437,15.72188622,1014.0,0.0,77.0,12.0,2020-11-24 05:00:00,,,,
438,15.72188622,1014.0,0.0,79.0,13.0,2020-11-24 06:00:00,,,,
439,15.72188622,1015.0,0.0,82.0,13.0,2020-11-24 07:00:00,,,,
440,15.72188622,1015.0,0.0,85.0,14.0,2020-11-24 08:00:00,,,,
441,15.72188622,1016.0,0.0,88.0,14.0,2020-11-24 09:00:00,,,,
442,19.72188622,1015.0,0.0,118.0,13.0,2020-11-24 10:00:00,,,,
443,21.72188622,1015.0,0.0,148.0,12.0,2020-11-24 11:00:00,,,,
444,23.72188622,1015.0,0.0,178.0,10.0,2020-11-24 12:00:00,,,,
445,25.72188622,1014.0,0.0,233.0,10.0,2020-11-24 13:00:00,,,,
446,25.72188622,1013.0,0.0,289.0,9.0,2020-11-24 14:00:00,,,,
447,27.72188622,1013.0,0.0,345.0,9.0,2020-11-24 15:00:00,,,,
448,25.72188622,1013.0,0.0,343.0,12.0,2020-11-24 16:00:00,,,,
449,21.72188622,1013.0,0.0,340.0,15.0,2020-11-24 17:00:00,,,,
450,19.72188622,1013.0,0.0,338.0,17.0,2020-11-24 18:00:00,,,,
451,17.72188622,1013.0,0.0,307.0,16.0,2020-11-24 19:00:00,,,,
452,17.72188622,1014.0,0.0,277.0,14.0,2020-11-24 20:00:00,,,,
453,15.72188622,1014.0,0.0,246.0,13.0,2020-11-24 21:00:00,,,,
454,13.72188622,1014.0,0.0,178.0,11.0,2020-11-24 22:00:00,,,,
455,11.72188622,1014.0,0.0,110.0,9.0,2020-11-24 23:00:00,,,,
456,11.72188622,1014.0,0.0,42.0,8.0,2020-11-25 00:00:00,,,,
457,13.72188622,1014.0,1.0,47.0,8.0,2020-11-25 01:00:00,,,,
458,15.72188622,1013.0,1.0,51.0,9.0,2020-11-25 02:00:00,,,,
459,17.72188622,1013.0,2.0,56.0,10.0,2020-11-25 03:00:00,,,,
460,15.72188622,1013.0,4.0,62.0,10.0,2020-11-25 04:00:00,,,,
461,13.72188622,1013.0,5.0,69.0,11.0,2020-11-25 05:00:00,,,,
462,11.72188622,1014.0,7.0,75.0,11.0,2020-11-25 06:00:00,,,,
463,13.72188622,1014.0,7.0,80.0,11.0,2020-11-25 07:00:00,,,,
464,13.72188622,1014.0,6.0,86.0,11.0,2020-11-25 08:00:00,,,,
465,15.72188622,1014.0,6.0,91.0,10.0,2020-11-25 09:00:00,,,,
466,17.72188622,1014.0,5.0,114.0,9.0,2020-11-25 10:00:00,,,,
467,19.72188622,1013.0,4.0,136.0,9.0,2020-11-25 11:00:00,,,,
468,23.72188622,1013.0,3.0,159.0,8.0,2020-11-25 12:00:00,,,,
469,23.72188622,1012.0,2.0,207.0,9.0,2020-11-25 13:00:00,,,,
470,23.72188622,1011.0,2.0,256.0,10.0,2020-11-25 14:00:00,,,,
471,25.72188622,1011.0,2.0,304.0,11.0,2020-11-25 15:00:00,,,,
472,23.72188622,1011.0,3.0,309.0,13.0,2020-11-25 16:00:00,,,,
473,21.72188622,1011.0,4.0,315.0,14.0,2020-11-25 17:00:00,,,,
474,17.72188622,1011.0,5.0,320.0,16.0,2020-11-25 18:00:00,,,,
475,17.72188622,1011.0,5.0,292.0,15.0,2020-11-25 19:00:00,,,,
476,15.72188622,1012.0,6.0,264.0,14.0,2020-11-25 20:00:00,,,,
477,13.72188622,1012.0,6.0,236.0,12.0,2020-11-25 21:00:00,,,,
478,15.72188622,1012.0,10.0,166.0,11.0,2020-11-25 22:00:00,,,,
479,15.72188622,1012.0,15.0,96.0,9.0,2020-11-25 23:00:00,,,,
480,17.72188622,1011.0,20.0,26.0,8.0,2020-11-26 00:00:00,,,,
481,15.72188622,1011.0,22.0,26.0,8.0,2020-11-26 01:00:00,,,,
482,15.72188622,1011.0,24.0,26.0,8.0,2020-11-26 02:00:00,,,,
483,15.72188622,1011.0,27.0,26.0,9.0,2020-11-26 03:00:00,,,,
484,15.72188622,1011.0,27.0,34.0,9.0,2020-11-26 04:00:00,,,,
485,15.72188622,1011.0,27.0,43.0,9.0,2020-11-26 05:00:00,,,,
486,15.72188622,1011.0,27.0,52.0,10.0,2020-11-26 06:00:00,,,,
487,15.72188622,1012.0,25.0,62.0,10.0,2020-11-26 07:00:00,,,,
488,15.72188622,1012.0,23.0,73.0,9.0,2020-11-26 08:00:00,,,,
489,17.72188622,1013.0,21.0,83.0,9.0,2020-11-26 09:00:00,,,,
490,17.72188622,1013.0,23.0,112.0,9.0,2020-11-26 10:00:00,,,,
491,19.72188622,1012.0,24.0,142.0,10.0,2020-11-26 11:00:00,,,,
492,19.72188622,1012.0,26.0,171.0,10.0,2020-11-26 12:00:00,,,,
493,19.72188622,1012.0,29.0,197.0,11.0,2020-11-26 13:00:00,,,,
494,19.72188622,1011.0,32.0,224.0,12.0,2020-11-26 14:00:00,,,,
495,19.72188622,1010.0,34.0,250.0,13.0,2020-11-26 15:00:00,,,,
496,17.72188622,1010.0,38.0,253.0,12.0,2020-11-26 16:00:00,,,,
497,17.72188622,1011.0,42.0,257.0,11.0,2020-11-26 17:00:00,,,,
498,17.72188622,1011.0,46.0,260.0,10.0,2020-11-26 18:00:00,,,,
499,15.72188622,1011.0,46.0,239.0,8.0,2020-11-26 19:00:00,,,,
500,15.72188622,1012.0,46.0,217.0,6.0,2020-11-26 20:00:00,,,,
501,15.72188622,1012.0,46.0,195.0,4.0,2020-11-26 21:00:00,,,,
502,15.72188622,1012.0,54.0,189.0,3.0,2020-11-26 22:00:00,,,,
503,15.72188622,1012.0,61.0,182.0,3.0,2020-11-26 23:00:00,,,,
504,15.72188622,1012.0,69.0,175.0,3.0,2020-11-27 00:00:00,,,,
505,15.72188622,1012.0,74.0,189.0,3.0,2020-11-27 01:00:00,,,,
506,15.72188622,1011.0,80.0,202.0,3.0,2020-11-27 02:00:00,,,,
507,15.72188622,1011.0,85.0,215.0,3.0,2020-11-27 03:00:00,,,,
508,15.72188622,1012.0,76.0,153.0,4.0,2020-11-27 04:00:00,,,,
509,15.72188622,1012.0,68.0,91.0,6.0,2020-11-27 05:00:00,,,,
510,15.72188622,1012.0,59.0,30.0,7.0,2020-11-27 06:00:00,,,,
511,15.72188622,1013.0,53.0,24.0,8.0,2020-11-27 07:00:00,,,,
512,15.72188622,1013.0,46.0,18.0,9.0,2020-11-27 08:00:00,,,,
513,15.72188622,1014.0,40.0,13.0,10.0,2020-11-27 09:00:00,,,,
514,15.72188622,1013.0,39.0,46.0,12.0,2020-11-27 10:00:00,,,,
515,17.72188622,1013.0,37.0,79.0,13.0,2020-11-27 11:00:00,,,,
516,17.72188622,1013.0,36.0,112.0,14.0,2020-11-27 12:00:00,,,,
517,17.72188622,1012.0,39.0,186.0,15.0,2020-11-27 13:00:00,,,,
518,17.72188622,1011.0,43.0,261.0,16.0,2020-11-27 14:00:00,,,,
519,17.72188622,1011.0,46.0,335.0,17.0,2020-11-27 15:00:00,,,,
520,15.72188622,1011.0,49.0,340.0,17.0,2020-11-27 16:00:00,,,,
521,15.72188622,1011.0,53.0,344.0,18.0,2020-11-27 17:00:00,,,,
522,15.72188622,1012.0,57.0,349.0,18.0,2020-11-27 18:00:00,,,,
523,13.72188622,1012.0,62.0,315.0,16.0,2020-11-27 19:00:00,,,,
524,13.72188622,1012.0,66.0,282.0,14.0,2020-11-27 20:00:00,,,,
525,13.72188622,1013.0,71.0,248.0,12.0,2020-11-27 21:00:00,,,,
526,13.72188622,1013.0,70.0,175.0,12.0,2020-11-27 22:00:00,,,,
527,11.72188622,1013.0,69.0,103.0,12.0,2020-11-27 23:00:00,,,,
528,11.72188622,1013.0,68.0,30.0,12.0,2020-11-28 00:00:00,,,,
529,11.72188622,1012.0,70.0,30.0,12.0,2020-11-28 01:00:00,,,,
530,11.72188622,1012.0,73.0,30.0,12.0,2020-11-28 02:00:00,,,,
531,11.72188622,1012.0,76.0,30.0,12.0,2020-11-28 03:00:00,,,,
532,9.721886217,1012.0,78.0,28.0,13.0,2020-11-28 04:00:00,,,,
533,9.721886217,1012.0,79.0,27.0,14.0,2020-11-28 05:00:00,,,,
534,9.721886217,1012.0,81.0,26.0,15.0,2020-11-28 06:00:00,,,,
535,9.721886217,1013.0,80.0,29.0,16.0,2020-11-28 07:00:00,,,,
536,9.721886217,1013.0,79.0,32.0,16.0,2020-11-28 08:00:00,,,,
537,11.72188622,1014.0,78.0,36.0,16.0,2020-11-28 09:00:00,,,,
538,11.72188622,1013.0,82.0,34.0,16.0,2020-11-28 10:00:00,,,,
539,11.72188622,1013.0,86.0,32.0,16.0,2020-11-28 11:00:00,,,,
540,13.72188622,1013.0,90.0,30.0,16.0,2020-11-28 12:00:00,,,,
541,13.72188622,1012.0,88.0,28.0,16.0,2020-11-28 13:00:00,,,,
542,13.72188622,1011.0,86.0,26.0,15.0,2020-11-28 14:00:00,,,,
543,13.72188622,1011.0,84.0,24.0,15.0,2020-11-28 15:00:00,,,,
544,13.72188622,1011.0,77.0,24.0,15.0,2020-11-28 16:00:00,,,,
545,13.72188622,1011.0,70.0,23.0,15.0,2020-11-28 17:00:00,,,,
546,11.72188622,1011.0,64.0,23.0,14.0,2020-11-28 18:00:00,,,,
547,11.72188622,1011.0,56.0,22.0,14.0,2020-11-28 19:00:00,,,,
548,11.72188622,1012.0,49.0,21.0,14.0,2020-11-28 20:00:00,,,,
549,11.72188622,1012.0,42.0,20.0,14.0,2020-11-28 21:00:00,,,,
550,11.72188622,1012.0,50.0,34.0,13.0,2020-11-28 22:00:00,,,,
551,9.721886217,1012.0,59.0,48.0,12.0,2020-11-28 23:00:00,,,,
552,9.721886217,1012.0,67.0,63.0,11.0,2020-11-29 00:00:00,,,,
553,9.721886217,1012.0,70.0,53.0,10.0,2020-11-29 01:00:00,,,,
554,9.721886217,1012.0,73.0,44.0,10.0,2020-11-29 02:00:00,,,,
555,9.721886217,1011.0,76.0,35.0,9.0,2020-11-29 03:00:00,,,,
556,9.721886217,1011.0,79.0,35.0,10.0,2020-11-29 04:00:00,,,,
557,9.721886217,1011.0,82.0,34.0,10.0,2020-11-29 05:00:00,,,,
558,9.721886217,1012.0,85.0,34.0,11.0,2020-11-29 06:00:00,,,,
559,9.721886217,1012.0,84.0,36.0,11.0,2020-11-29 07:00:00,,,,
560,9.721886217,1013.0,83.0,38.0,11.0,2020-11-29 08:00:00,,,,
561,9.721886217,1013.0,82.0,40.0,11.0,2020-11-29 09:00:00,,,,
562,11.72188622,1013.0,83.0,75.0,10.0,2020-11-29 10:00:00,,,,
563,11.72188622,1013.0,85.0,110.0,9.0,2020-11-29 11:00:00,,,,
564,11.72188622,1012.0,86.0,145.0,9.0,2020-11-29 12:00:00,,,,
565,11.72188622,1011.0,91.0,212.0,9.0,2020-11-29 13:00:00,,,,
566,11.72188622,1011.0,95.0,280.0,10.0,2020-11-29 14:00:00,,,,
567,11.72188622,1010.0,100.0,348.0,10.0,2020-11-29 15:00:00,,,,
568,11.72188622,1010.0,100.0,313.0,12.0,2020-11-29 16:00:00,,,,
569,11.72188622,1010.0,100.0,278.0,13.0,2020-11-29 17:00:00,,,,
570,9.721886217,1010.0,100.0,243.0,14.0,2020-11-29 18:00:00,,,,
571,9.721886217,1011.0,96.0,174.0,13.0,2020-11-29 19:00:00,,,,
572,7.721886217,1011.0,91.0,104.0,11.0,2020-11-29 20:00:00,,,,
573,5.721886217,1011.0,87.0,35.0,9.0,2020-11-29 21:00:00,,,,
574,3.721886217,1011.0,90.0,40.0,8.0,2020-11-29 22:00:00,,,,
575,1.721886217,1011.0,93.0,45.0,8.0,2020-11-29 23:00:00,,,,
576,-2.278113783,1011.0,96.0,50.0,7.0,2020-11-30 00:00:00,,,,
577,3.721886217,1010.0,93.0,50.0,7.0,2020-11-30 01:00:00,,,,
578,7.721886217,1010.0,91.0,51.0,7.0,2020-11-30 02:00:00,,,,
579,11.72188622,1010.0,89.0,52.0,6.0,2020-11-30 03:00:00,,,,
580,11.72188622,1010.0,86.0,57.0,6.0,2020-11-30 04:00:00,,,,
581,11.72188622,1010.0,82.0,63.0,6.0,2020-11-30 05:00:00,,,,
582,11.72188622,1010.0,79.0,68.0,6.0,2020-11-30 06:00:00,,,,
583,11.72188622,1011.0,84.0,85.0,5.0,2020-11-30 07:00:00,,,,
584,11.72188622,1012.0,89.0,101.0,4.0,2020-11-30 08:00:00,,,,
585,13.72188622,1012.0,94.0,117.0,3.0,2020-11-30 09:00:00,,,,
586,13.72188622,1012.0,85.0,136.0,4.0,2020-11-30 10:00:00,,,,
587,13.72188622,1012.0,77.0,155.0,4.0,2020-11-30 11:00:00,,,,
588,15.72188622,1012.0,68.0,174.0,5.0,2020-11-30 12:00:00,,,,
589,15.72188622,1011.0,58.0,218.0,6.0,2020-11-30 13:00:00,,,,
590,15.72188622,1011.0,48.0,261.0,8.0,2020-11-30 14:00:00,,,,
591,15.72188622,1010.0,38.0,305.0,9.0,2020-11-30 15:00:00,,,,
592,15.72188622,1010.0,44.0,312.0,10.0,2020-11-30 16:00:00,,,,
593,15.72188622,1011.0,51.0,319.0,11.0,2020-11-30 17:00:00,,,,
594,15.72188622,1011.0,58.0,327.0,12.0,2020-11-30 18:00:00,,,,
595,13.72188622,1011.0,61.0,295.0,12.0,2020-11-30 19:00:00,,,,
596,11.72188622,1011.0,64.0,264.0,12.0,2020-11-30 20:00:00,,,,
597,11.72188622,1012.0,67.0,232.0,13.0,2020-11-30 21:00:00,,,,
598,7.721886217,1012.0,57.0,159.0,13.0,2020-11-30 22:00:00,,,,
599,3.721886217,1012.0,46.0,85.0,13.0,2020-11-30 23:00:00,,,,
