,Time,Load (kW),Pressure_kpa,Cloud Cover (%),Humidity (%),Temperature (C) ,Wind Direction (deg),Wind Speed (kmh)
0,2020-10-01 00:00:00,999939.2521370698,1003.75,100.0,99.5,11.70688621745121,298.875,12.355
1,2020-10-01 01:00:00,982697.1221370698,1003.1375,100.0,99.41666666666666,11.72938621745121,45.75,14.59375
2,2020-10-01 02:00:00,974827.4761370698,1002.6125,100.0,99.41666666666667,9.344386217451214,69.75,13.38
3,2020-10-01 03:00:00,966338.3801370698,1002.4125,100.0,98.5,9.509386217451214,275.25,13.635
4,2020-10-01 04:00:00,964017.6381370698,1002.1375,100.0,98.08333333333333,10.05938621745121,267.875,13.905
5,2020-10-01 05:00:00,970375.8901370697,1002.3,100.0,95.41666666666667,11.05438621745121,56.875,16.44875
6,2020-10-01 06:00:00,984047.0201370697,1002.65,100.0,97.58333333333333,12.11688621745121,287.0,10.095
7,2020-10-01 07:00:00,1023469.61213707,1003.2125,100.0,98.16666666666666,12.36688621745121,335.5,13.09375
8,2020-10-01 08:00:00,1110039.18013707,1003.9,99.625,97.5,12.99938621745121,310.25,7.295000000000001
9,2020-10-01 09:00:00,1203248.53013707,1003.9625,98.25,94.75,14.77188621745121,334.875,10.63
10,2020-10-01 10:00:00,1249203.37813707,1003.7375,79.375,91.08333333333333,17.35938621745121,346.875,13.60875
11,2020-10-01 11:00:00,1283399.43213707,1003.0,76.875,90.33333333333333,19.29188621745121,338.125,12.21
12,2020-10-01 12:00:00,1296648.20013707,1002.225,77.25,88.0,21.19688621745122,312.625,11.10375
13,2020-10-01 13:00:00,1287649.03013707,1000.9125,75.25,85.58333333333331,22.42688621745121,322.5,9.9275
14,2020-10-01 14:00:00,1298706.80613707,999.9125,76.875,85.75,22.16938621745122,307.125,10.48
15,2020-10-01 15:00:00,1267964.02413707,999.625,79.625,86.83333333333333,21.48688621745121,299.875,9.436250000000001
16,2020-10-01 16:00:00,1253452.00613707,999.875,97.625,91.83333333333334,19.73688621745121,324.375,9.661249999999999
17,2020-10-01 17:00:00,1218182.37813707,1000.025,98.0,95.08333333333333,17.66438621745122,300.25,2.48
18,2020-10-01 18:00:00,1174087.46613707,1000.525,83.375,95.41666666666666,15.60438621745121,264.875,7.4775
19,2020-10-01 19:00:00,1137407.39213707,1001.4,92.5,95.24999999999999,15.38438621745121,104.875,10.935
20,2020-10-01 20:00:00,1108376.30413707,1002.075,93.125,96.99999999999999,12.90938621745121,199.875,8.995
21,2020-10-01 21:00:00,1073003.81213707,1002.225,92.125,95.58333333333331,13.77188621745121,166.75,7.866249999999999
22,2020-10-01 22:00:00,1045860.88413707,1001.975,90.875,97.66666666666667,13.83688621745122,108.75,10.24125
23,2020-10-01 23:00:00,1021833.20013707,1001.6625,93.25,98.25,13.42938621745121,100.5,10.42
24,2020-10-02 00:00:00,1011530.65213707,1001.3,78.125,98.0,13.28688621745121,121.875,10.19875
25,2020-10-02 01:00:00,996098.0921370699,1000.7375,81.5,97.0,13.35438621745121,89.625,7.5875
26,2020-10-02 02:00:00,976051.5601370698,1000.2625,80.875,90.91666666666667,14.18938621745122,97.875,10.3125
27,2020-10-02 03:00:00,945546.2181370697,1000.175,79.375,91.66666666666666,13.72688621745121,96.875,9.7425
28,2020-10-02 04:00:00,949752.6721370697,1000.225,78.375,93.33333333333333,12.91938621745121,99.5,8.372499999999999
29,2020-10-02 05:00:00,951403.4081370698,1000.5625,82.75,90.75000000000001,14.48938621745121,78.25,10.7525
30,2020-10-02 06:00:00,956376.8061370698,1001.2875,81.375,90.58333333333333,14.72188621745121,69.875,8.3825
31,2020-10-02 07:00:00,994854.1701370699,1002.0875,77.75,92.25,14.10188621745121,89.375,4.595
32,2020-10-02 08:00:00,1078670.33613707,1002.725,58.625,90.33333333333333,15.42938621745122,95.0,6.4575
33,2020-10-02 09:00:00,1173551.96413707,1003.0875,51.625,82.5,20.29438621745121,94.125,13.99125
34,2020-10-02 10:00:00,1230397.92813707,1003.05,50.125,76.83333333333333,23.43688621745121,105.875,18.9025
35,2020-10-02 11:00:00,1251911.90813707,1002.725,50.5,76.83333333333333,25.13688621745121,130.5,17.9125
36,2020-10-02 12:00:00,1256829.61613707,1002.1375,56.625,75.41666666666667,25.20938621745122,144.875,17.27875
37,2020-10-02 13:00:00,1249577.01013707,1001.2375,59.75,79.33333333333333,23.15688621745121,158.25,15.43375
38,2020-10-02 14:00:00,1247272.72213707,1000.5125,60.375,79.0,22.06938621745121,164.75,14.745
39,2020-10-02 15:00:00,1232662.83613707,1000.125,80.125,82.16666666666667,20.61688621745122,163.5,13.34
40,2020-10-02 16:00:00,1216589.90613707,1000.45,79.75,83.33333333333331,20.76438621745121,172.625,12.62375
41,2020-10-02 17:00:00,1186199.70613707,1001.175,80.625,84.58333333333333,19.77938621745121,159.125,12.94
42,2020-10-02 18:00:00,1160062.90013707,1002.0,81.625,87.75,17.36188621745121,99.75,13.20625
43,2020-10-02 19:00:00,1118552.86213707,1002.975,82.25,86.83333333333334,17.80938621745121,122.75,11.77375
44,2020-10-02 20:00:00,1087819.45413707,1004.325,84.875,88.66666666666669,16.26688621745121,123.625,16.92375
45,2020-10-02 21:00:00,1056372.83213707,1004.6875,75.25,83.66666666666669,17.15188621745121,135.625,18.095
46,2020-10-02 22:00:00,1035464.66413707,1004.5875,70.25,84.66666666666669,16.14688621745121,139.375,17.4825
47,2020-10-02 23:00:00,1001943.12813707,1004.35,70.0,84.66666666666669,15.93438621745122,144.375,17.5175
48,2020-10-03 00:00:00,994648.4721370698,1004.2625,64.25,84.91666666666669,15.72688621745121,153.5,18.6675
49,2020-10-03 01:00:00,977650.8441370698,1003.95,61.875,86.41666666666669,14.27938621745121,158.125,17.1125
50,2020-10-03 02:00:00,964805.4641370698,1003.85,67.0,85.08333333333333,13.81438621745122,157.0,19.74125
51,2020-10-03 03:00:00,955082.9021370698,1003.325,67.875,85.24999999999999,13.77688621745121,153.625,18.0625
52,2020-10-03 04:00:00,952440.5461370697,1003.775,47.125,85.16666666666666,13.90938621745121,145.75,16.69125
53,2020-10-03 05:00:00,956945.3001370698,1004.2125,22.625,84.58333333333333,14.20438621745121,135.5,11.80375
54,2020-10-03 06:00:00,955029.8021370696,1004.95,23.0,85.83333333333333,13.66938621745121,129.875,14.63625
55,2020-10-03 07:00:00,979781.1841370697,1005.6125,29.375,83.75,15.45688621745122,135.75,13.71375
56,2020-10-03 08:00:00,1035669.20613707,1006.425,37.875,82.58333333333333,16.50688621745121,136.75,14.18375
57,2020-10-03 09:00:00,1097304.49813707,1006.625,62.875,79.08333333333334,18.88438621745122,155.25,15.81
58,2020-10-03 10:00:00,1152811.92413707,1006.4,63.625,76.08333333333333,21.71938621745121,157.875,18.13375
59,2020-10-03 11:00:00,1174004.72613707,1006.0375,51.875,76.5,23.10688621745122,139.0,20.45875
60,2020-10-03 12:00:00,1170019.94013707,1005.7875,82.125,77.41666666666666,23.13188621745122,167.375,16.7575
61,2020-10-03 13:00:00,1154450.99213707,1004.6875,75.375,80.16666666666667,22.14688621745121,162.25,16.11375
62,2020-10-03 14:00:00,1155846.88013707,1004.2,73.75,80.83333333333334,21.58438621745121,173.0,18.3775
63,2020-10-03 15:00:00,1158417.47613707,1004.025,71.875,80.91666666666667,21.14188621745122,184.5,20.39375
64,2020-10-03 16:00:00,1147436.34013707,1004.075,70.875,78.33333333333334,21.30188621745121,183.0,16.33375
65,2020-10-03 17:00:00,1125947.01413707,1004.5375,69.0,77.58333333333333,20.68688621745122,185.75,17.9425
66,2020-10-03 18:00:00,1120793.84013707,1005.3,59.0,79.0,18.72938621745121,187.875,19.3475
67,2020-10-03 19:00:00,1101701.25413707,1006.025,45.125,85.75,16.68438621745121,171.0,15.16625
68,2020-10-03 20:00:00,1084221.12213707,1006.825,44.625,84.0,16.48188621745121,164.375,16.04375
69,2020-10-03 21:00:00,1055960.74213707,1007.275,40.625,84.25,16.17688621745121,179.75,16.3
70,2020-10-03 22:00:00,1030327.73013707,1007.1,52.5,86.0,15.04688621745122,170.625,17.3375
71,2020-10-03 23:00:00,1001837.00213707,1006.775,46.875,86.41666666666667,15.10438621745121,169.375,16.2375
72,2020-10-04 00:00:00,992026.0401370698,1006.5625,45.5,86.83333333333334,15.08688621745121,163.75,10.39875
73,2020-10-04 01:00:00,977419.8261370697,1006.3375,42.375,87.49999999999999,14.60938621745122,155.875,10.7125
74,2020-10-04 02:00:00,965907.0141370698,1006.2,50.875,89.33333333333331,13.16438621745121,140.5,11.835
75,2020-10-04 03:00:00,956727.3581370697,1006.025,49.5,89.33333333333331,12.81688621745121,135.5,12.4025
76,2020-10-04 04:00:00,952843.2261370698,1005.975,48.75,89.33333333333331,12.69938621745121,132.0,11.8725
77,2020-10-04 05:00:00,948582.0021370697,1006.4375,43.375,88.75000000000001,12.81438621745122,153.125,10.79
78,2020-10-04 06:00:00,944552.1461370699,1007.2,44.625,88.41666666666667,13.31688621745121,144.125,11.0475
79,2020-10-04 07:00:00,948497.5741370699,1008.0875,52.625,87.83333333333334,13.91188621745121,133.25,12.10875
80,2020-10-04 08:00:00,965728.6741370698,1008.825,74.375,87.5,14.57438621745121,134.125,12.11625
81,2020-10-04 09:00:00,991442.8741370698,1009.225,75.375,87.41666666666667,15.77188621745121,151.0,12.61
82,2020-10-04 10:00:00,1020657.05413707,1009.225,77.5,81.25,19.11688621745121,182.0,15.7575
83,2020-10-04 11:00:00,1031569.02413707,1008.9125,74.5,79.33333333333333,20.66438621745122,177.875,14.67125
84,2020-10-04 12:00:00,1023238.78213707,1008.1625,65.375,79.75,20.69938621745121,197.875,14.67
85,2020-10-04 13:00:00,1020647.44413707,1007.2625,68.625,77.5,21.84188621745121,197.125,15.1425
86,2020-10-04 14:00:00,1023795.73213707,1006.85,68.125,75.08333333333334,22.63438621745122,227.75,15.10125
87,2020-10-04 15:00:00,1022070.62013707,1006.625,68.625,78.66666666666669,20.98438621745121,242.375,19.745
88,2020-10-04 16:00:00,1018526.99413707,1006.65,62.5,78.91666666666669,20.86938621745121,229.0,16.65625
89,2020-10-04 17:00:00,1013930.92413707,1007.1,31.625,81.25000000000001,19.05438621745121,234.125,14.92625
90,2020-10-04 18:00:00,1030574.45213707,1007.7125,36.625,85.33333333333331,17.32938621745121,231.25,11.4
91,2020-10-04 19:00:00,1038567.26013707,1008.4375,44.75,85.91666666666666,16.62938621745122,247.0,10.96375
92,2020-10-04 20:00:00,1035862.05013707,1008.875,56.625,89.66666666666667,15.21938621745121,232.625,10.5225
93,2020-10-04 21:00:00,1020013.64013707,1008.6625,78.75,87.91666666666667,16.21688621745121,230.5,10.8825
94,2020-10-04 22:00:00,1002546.25213707,1008.45,74.125,89.75,15.03438621745121,223.125,8.28375
95,2020-10-04 23:00:00,976779.4681370698,1008.1625,72.625,90.41666666666666,15.10938621745121,220.875,8.3975
96,2020-10-05 00:00:00,970570.9781370697,1007.7625,53.5,87.16666666666667,15.91188621745121,192.875,5.73375
97,2020-10-05 01:00:00,956783.4981370699,1007.3125,53.125,89.33333333333331,14.29938621745121,186.875,2.36875
98,2020-10-05 02:00:00,944147.3701370698,1007.075,64.625,89.75,14.05938621745121,180.875,2.66875
99,2020-10-05 03:00:00,938426.2781370699,1007.0125,60.5,90.75,13.62688621745121,188.375,4.73125
100,2020-10-05 04:00:00,940933.8581370699,1007.3125,59.0,91.66666666666667,13.49688621745121,139.375,2.07125
101,2020-10-05 05:00:00,947521.8521370698,1007.7125,60.0,93.83333333333334,13.52688621745121,100.5,5.727500000000001
102,2020-10-05 06:00:00,960310.3461370697,1008.4375,63.375,93.83333333333334,13.95438621745121,72.375,0.9937499999999999
103,2020-10-05 07:00:00,1016054.78813707,1009.1375,78.375,93.33333333333331,14.40688621745121,86.0,1.30875
104,2020-10-05 08:00:00,1108026.10013707,1009.6875,79.875,92.41666666666667,15.22938621745121,95.125,2.1175
105,2020-10-05 09:00:00,1202580.58413707,1009.8875,76.125,90.16666666666666,16.50688621745121,120.125,6.73875
106,2020-10-05 10:00:00,1259339.57213707,1009.85,77.75,87.75,18.06188621745121,207.125,5.1325
107,2020-10-05 11:00:00,1272717.16013707,1009.3875,80.0,84.0,20.05188621745121,256.5,10.00375
108,2020-10-05 12:00:00,1271851.01813707,1008.5,82.5,86.5,19.04188621745121,249.375,14.47625
109,2020-10-05 13:00:00,1259947.63413707,1007.5125,79.375,85.00000000000001,20.14188621745122,253.75,13.2375
110,2020-10-05 14:00:00,1259429.16213707,1006.8125,82.125,84.99999999999999,19.93188621745121,244.0,16.1475
111,2020-10-05 15:00:00,1255059.42813707,1006.5625,98.625,83.08333333333333,18.89938621745122,160.375,14.135
112,2020-10-05 16:00:00,1240144.00013707,1006.5375,93.75,83.33333333333331,18.00938621745122,128.375,12.95375
113,2020-10-05 17:00:00,1193194.75413707,1006.8,72.25,84.16666666666666,18.36188621745121,250.5,13.01375
114,2020-10-05 18:00:00,1163807.07413707,1007.3375,72.625,88.58333333333334,17.04438621745122,262.75,13.99625
115,2020-10-05 19:00:00,1130007.09813707,1008.0125,73.0,88.0,16.60188621745121,305.5,10.14
116,2020-10-05 20:00:00,1103487.31813707,1008.6875,70.125,88.58333333333334,16.24688621745121,300.125,7.30375
117,2020-10-05 21:00:00,1076159.00013707,1008.775,65.25,89.49999999999999,15.72688621745121,93.0,2.7175
118,2020-10-05 22:00:00,1059818.68413707,1008.6375,49.125,91.91666666666667,15.40438621745121,145.75,3.205
119,2020-10-05 23:00:00,1025670.59613707,1008.3875,63.25,91.91666666666666,15.27938621745121,150.625,3.3175
120,2020-10-06 00:00:00,1012433.41013707,1007.825,63.25,90.0,15.37688621745121,145.875,2.59
121,2020-10-06 01:00:00,993847.9881370699,1007.2375,64.375,90.83333333333334,15.02188621745121,166.375,2.9525
122,2020-10-06 02:00:00,978893.9281370698,1006.8,62.875,93.49999999999999,13.77188621745121,159.25,6.25125
123,2020-10-06 03:00:00,970338.9921370698,1006.575,62.75,95.91666666666667,13.58438621745121,102.25,1.2525
124,2020-10-06 04:00:00,966993.6801370698,1006.5625,66.875,96.0,13.66688621745122,35.75,0.88625
125,2020-10-06 05:00:00,973155.3581370697,1006.6625,75.125,95.66666666666667,13.80188621745122,38.0,1.2025
126,2020-10-06 06:00:00,981861.3061370698,1007.3875,78.375,94.0,14.08188621745122,55.625,1.965
127,2020-10-06 07:00:00,1028511.51413707,1007.9125,85.125,95.75,14.54688621745121,94.25,2.59375
128,2020-10-06 08:00:00,1113303.74213707,1008.4125,80.25,94.33333333333333,15.55438621745121,115.0,2.5225
129,2020-10-06 09:00:00,1203792.96013707,1008.7875,62.625,88.66666666666667,18.09938621745121,179.0,2.05875
130,2020-10-06 10:00:00,1262361.71013707,1008.675,31.875,84.75000000000001,20.93688621745121,252.5,3.9425
131,2020-10-06 11:00:00,1283255.82013707,1008.2625,45.875,82.33333333333333,22.75438621745121,45.5,6.555
132,2020-10-06 12:00:00,1284385.67413707,1007.15,65.875,84.58333333333334,22.67188621745122,257.75,12.65625
133,2020-10-06 13:00:00,1269776.92813707,1006.2875,73.375,83.41666666666666,23.33938621745121,291.375,16.82
134,2020-10-06 14:00:00,1272408.00813707,1005.525,68.625,84.41666666666667,22.66938621745122,270.75,16.535
135,2020-10-06 15:00:00,1270355.93013707,1005.45,66.0,85.33333333333333,22.09938621745121,279.25,18.74375
136,2020-10-06 16:00:00,1251105.95413707,1005.55,83.0,87.58333333333334,20.43688621745121,295.125,14.575
137,2020-10-06 17:00:00,1213732.62213707,1006.1125,82.5,87.83333333333334,19.71688621745121,300.375,15.13625
138,2020-10-06 18:00:00,1188641.19013707,1006.95,82.125,89.5,18.09938621745121,327.125,11.625
139,2020-10-06 19:00:00,1156669.36413707,1008.0,83.125,89.83333333333333,17.69438621745121,327.75,9.9575
140,2020-10-06 20:00:00,1131611.54013707,1008.7625,83.5,92.0,17.41938621745121,283.5,10.265
141,2020-10-06 21:00:00,1102569.27413707,1008.875,79.125,92.0,17.33938621745121,291.0,8.08375
142,2020-10-06 22:00:00,1085894.69013707,1008.7375,58.625,92.0,17.32688621745121,327.25,5.965000000000001
143,2020-10-06 23:00:00,1060660.99813707,1008.625,84.625,92.41666666666667,17.48938621745121,309.0,6.00875
144,2020-10-07 00:00:00,1038913.23413707,1008.2875,87.625,92.16666666666667,16.79938621745121,319.0,5.7
145,2020-10-07 01:00:00,1019410.77613707,1007.8,95.125,90.5,15.44188621745121,135.125,5.3775
146,2020-10-07 02:00:00,1008487.74813707,1007.375,99.75,90.08333333333333,14.53438621745121,31.375,5.22625
147,2020-10-07 03:00:00,996120.0581370699,1007.125,97.875,91.33333333333333,14.25938621745121,43.25,5.1275
148,2020-10-07 04:00:00,986521.0341370698,1007.0,83.875,93.75,15.34938621745122,53.0,5.2825
149,2020-10-07 05:00:00,988652.4101370699,1007.075,83.125,93.66666666666667,15.28188621745122,102.5,5.98625
150,2020-10-07 06:00:00,991388.5681370697,1007.7125,78.25,91.5,14.45938621745121,255.875,8.9525
151,2020-10-07 07:00:00,1033576.23413707,1008.55,68.0,91.33333333333331,15.02938621745121,287.25,6.50625
152,2020-10-07 08:00:00,1132938.59213707,1009.1375,35.0,91.0,16.94688621745122,97.875,2.6725
153,2020-10-07 09:00:00,1217496.69213707,1009.4875,13.75,90.0,18.65688621745122,65.25,5.35625
154,2020-10-07 10:00:00,1267531.81613707,1009.375,50.5,84.66666666666666,21.88938621745121,40.0,6.340000000000001
155,2020-10-07 11:00:00,1288987.50813707,1008.725,51.875,80.0,24.20688621745121,197.375,6.88
156,2020-10-07 12:00:00,1283667.74813707,1007.9625,50.75,80.5,23.74938621745121,250.75,15.1025
157,2020-10-07 13:00:00,1267910.50013707,1006.9625,54.0,79.66666666666667,24.53188621745122,268.875,17.3525
158,2020-10-07 14:00:00,1271511.27213707,1006.2375,54.375,78.91666666666667,24.00688621745121,271.375,18.92
159,2020-10-07 15:00:00,1262828.18613707,1005.875,48.125,83.25,22.65438621745121,268.875,17.1425
160,2020-10-07 16:00:00,1250198.53813707,1005.9125,49.625,84.83333333333334,22.80188621745121,311.375,15.83625
161,2020-10-07 17:00:00,1214757.54413707,1006.35,50.875,84.50000000000001,22.50438621745121,295.25,14.85625
162,2020-10-07 18:00:00,1182742.61213707,1006.9875,55.375,84.24999999999999,21.22938621745121,284.5,14.29625
163,2020-10-07 19:00:00,1143216.66813707,1007.7625,81.625,91.33333333333334,17.29188621745121,56.875,11.9225
164,2020-10-07 20:00:00,1109378.75613707,1008.2875,83.875,95.83333333333334,15.24438621745121,73.375,10.43
165,2020-10-07 21:00:00,1081760.17613707,1008.35,95.0,96.16666666666666,15.08438621745121,94.5,10.725
166,2020-10-07 22:00:00,1062038.01013707,1007.875,92.25,98.0,13.86938621745121,77.0,7.64
167,2020-10-07 23:00:00,1028242.32813707,1007.7,90.625,96.66666666666667,13.68938621745121,82.125,10.84625
168,2020-10-08 00:00:00,1015955.46013707,1007.4125,72.75,94.66666666666667,14.43938621745121,50.625,8.9375
169,2020-10-08 01:00:00,994648.1401370699,1006.8625,74.125,92.83333333333334,14.10188621745121,62.875,8.818750000000001
170,2020-10-08 02:00:00,981843.0721370698,1006.4875,76.625,94.66666666666669,13.92938621745121,63.625,8.192499999999999
171,2020-10-08 03:00:00,970480.2721370697,1006.175,77.0,94.25,13.93938621745122,36.125,6.54875
172,2020-10-08 04:00:00,967923.6381370699,1006.1125,77.375,93.75,14.17438621745121,42.875,2.565
173,2020-10-08 05:00:00,974603.0841370698,1006.325,75.75,93.33333333333331,14.46438621745121,73.375,2.42375
174,2020-10-08 06:00:00,980563.8101370698,1006.9125,83.25,93.0,14.66438621745121,90.25,2.6675
175,2020-10-08 07:00:00,1026632.72813707,1007.775,78.5,92.66666666666667,14.97188621745121,108.5,2.6525
182,2020-10-08 14:00:00,1275115.22413707,1005.3125,72.625,88.08333333333333,21.88438621745122,256.5,16.24875
183,2020-10-08 15:00:00,1264107.36213707,1005.0,70.75,89.75,19.72438621745121,282.25,12.475
184,2020-10-08 16:00:00,1250418.60013707,1004.975,66.875,88.08333333333334,20.79688621745122,321.875,15.86625
185,2020-10-08 17:00:00,1215536.47213707,1005.3375,85.0,87.83333333333334,20.52938621745121,300.25,16.38875
186,2020-10-08 18:00:00,1186422.57613707,1006.0,79.375,88.41666666666667,20.05438621745121,317.0,15.2225
187,2020-10-08 19:00:00,1123524.75013707,1006.7125,84.125,91.41666666666669,17.83438621745121,147.625,9.1725
188,2020-10-08 20:00:00,1088902.08413707,1007.3875,86.5,96.33333333333334,12.85188621745121,95.375,13.72
189,2020-10-08 21:00:00,1061088.27813707,1007.625,85.625,94.5,13.73438621745121,29.375,7.6425
190,2020-10-08 22:00:00,1043100.13813707,1007.5875,80.0,94.58333333333334,13.53688621745121,110.625,9.68
191,2020-10-08 23:00:00,1007647.65013707,1007.325,79.75,94.91666666666667,13.47938621745121,77.5,10.16875
192,2020-10-09 00:00:00,996657.5441370697,1006.8875,74.0,95.16666666666666,13.34438621745121,44.5,11.06125
193,2020-10-09 01:00:00,981078.4701370698,1006.3125,76.125,92.41666666666667,12.90938621745122,39.0,5.07125
194,2020-10-09 02:00:00,964485.6321370697,1006.0,73.25,93.91666666666666,11.51688621745122,89.125,8.373750000000001
195,2020-10-09 03:00:00,956314.3161370698,1005.7625,77.25,94.0,11.16438621745121,91.0,4.2825
196,2020-10-09 04:00:00,953072.0701370698,1005.825,74.375,92.25,12.12938621745121,79.25,7.66125
197,2020-10-09 05:00:00,957163.7841370698,1005.9625,70.0,93.75,12.26188621745121,116.25,3.92375
198,2020-10-09 06:00:00,965001.5341370698,1006.7,64.5,91.66666666666666,12.40688621745121,104.75,3.45625
199,2020-10-09 07:00:00,1010491.62613707,1007.425,58.625,94.91666666666667,11.57438621745121,119.375,7.71875
200,2020-10-09 08:00:00,1088323.74613707,1008.175,34.0,94.33333333333334,12.36938621745121,104.625,8.19625
201,2020-10-09 09:00:00,1169309.52413707,1008.3,37.0,87.91666666666667,16.33188621745121,131.75,7.64625
202,2020-10-09 10:00:00,1220787.43213707,1008.25,38.75,83.58333333333334,19.34188621745121,108.125,7.445
203,2020-10-09 11:00:00,1237486.44813707,1007.7375,45.125,79.5,22.46938621745121,194.0,7.56
204,2020-10-09 12:00:00,1239575.18413707,1007.0,37.625,77.41666666666667,24.01438621745121,55.125,9.68375
205,2020-10-09 13:00:00,1233268.19013707,1006.2875,41.75,79.58333333333333,24.11438621745121,240.625,12.3125
206,2020-10-09 14:00:00,1238443.52613707,1005.6375,56.5,82.58333333333333,23.55188621745121,249.5,14.38125
207,2020-10-09 15:00:00,1231191.09813707,1005.3,60.75,82.08333333333333,22.89688621745121,255.0,13.895
208,2020-10-09 16:00:00,1216085.03813707,1005.25,40.25,82.58333333333333,22.33188621745121,285.375,15.18
209,2020-10-09 17:00:00,1180190.30413707,1005.775,34.75,83.25,21.84438621745122,275.25,13.59
210,2020-10-09 18:00:00,1151826.46013707,1006.5875,42.25,85.41666666666667,20.25188621745122,305.375,10.66125
211,2020-10-09 19:00:00,1116981.60813707,1007.35,31.875,86.0,19.63188621745122,305.875,8.39
212,2020-10-09 20:00:00,1094072.15413707,1008.275,34.375,87.25,19.03688621745121,309.5,6.8
213,2020-10-09 21:00:00,1071706.14613707,1008.55,30.25,89.33333333333334,17.58188621745121,328.625,7.31875
214,2020-10-09 22:00:00,1054581.38413707,1008.5,24.375,89.41666666666666,17.26188621745121,95.75,3.65
215,2020-10-09 23:00:00,1019127.22613707,1008.3875,20.5,90.00000000000001,17.30688621745121,60.875,5.92375
216,2020-10-10 00:00:00,1006309.55013707,1007.9375,34.75,91.74999999999999,17.13188621745121,112.5,3.28375
217,2020-10-10 01:00:00,986991.3801370698,1007.3,39.875,92.0,17.21438621745121,87.625,1.255
218,2020-10-10 02:00:00,972974.3461370699,1006.9125,71.5,94.0,15.63688621745121,126.625,1.4925
219,2020-10-10 03:00:00,961654.2581370699,1006.6625,67.75,94.66666666666669,14.87438621745121,112.5,2.7075
220,2020-10-10 04:00:00,958983.4861370699,1006.825,58.125,96.99999999999999,13.39688621745121,124.75,3.96625
221,2020-10-10 05:00:00,960951.2441370698,1007.175,58.375,97.33333333333331,13.30188621745121,124.25,4.827500000000001
222,2020-10-10 06:00:00,962820.2261370699,1007.9,50.625,96.75000000000001,13.64438621745122,97.875,8.8325
223,2020-10-10 07:00:00,987322.8861370698,1008.75,46.5,96.16666666666667,14.07438621745121,97.5,9.993749999999999
224,2020-10-10 08:00:00,1042421.69013707,1009.3,42.625,94.58333333333333,15.08188621745121,94.875,6.34875
225,2020-10-10 09:00:00,1105235.44013707,1009.6375,49.5,93.25000000000001,17.91188621745121,141.875,5.984999999999999
226,2020-10-10 10:00:00,1144227.56013707,1010.0,60.375,88.33333333333333,20.04188621745121,204.0,7.1875
227,2020-10-10 11:00:00,1157681.43813707,1009.55,56.5,85.58333333333331,21.90688621745121,209.375,9.42
228,2020-10-10 12:00:00,1153158.14813707,1008.7125,57.75,84.16666666666667,23.35188621745121,212.5,12.8775
229,2020-10-10 13:00:00,1142711.91813707,1007.9375,64.0,85.75,22.15188621745121,242.625,18.24375
230,2020-10-10 14:00:00,1144415.14413707,1007.4,75.375,84.66666666666667,22.71438621745121,229.375,20.5725
231,2020-10-10 15:00:00,1132103.68013707,1007.3,66.75,86.25,21.40438621745121,230.5,14.67625
232,2020-10-10 16:00:00,1113855.34613707,1007.5625,70.75,87.33333333333333,19.36938621745121,240.625,14.09875
233,2020-10-10 17:00:00,1094351.27813707,1008.2375,71.25,87.75,18.92438621745121,251.875,11.68
234,2020-10-10 18:00:00,1088509.46413707,1008.9125,68.5,90.91666666666667,18.24438621745121,230.125,9.651250000000001
235,2020-10-10 19:00:00,1068138.74613707,1009.7875,72.25,91.33333333333333,18.08438621745121,210.375,7.5425
236,2020-10-10 20:00:00,1058187.99613707,1010.525,70.0,92.0,17.22938621745121,226.875,8.3525
237,2020-10-10 21:00:00,1041789.71613707,1010.825,63.625,93.33333333333333,15.81188621745121,203.125,8.827499999999999
238,2020-10-10 22:00:00,1025323.67013707,1010.5875,74.0,93.33333333333331,15.47188621745121,181.0,10.48
239,2020-10-10 23:00:00,1003856.76213707,1010.4375,70.125,93.33333333333331,15.64438621745121,172.875,9.838750000000001
240,2020-10-11 00:00:00,995163.3941370698,1010.2,66.375,93.91666666666667,15.73188621745121,186.625,9.18375
241,2020-10-11 01:00:00,977816.5121370697,1009.85,50.5,94.0,15.29938621745121,163.0,9.50875
242,2020-10-11 02:00:00,962007.7821370699,1009.6875,52.75,95.75,13.96688621745121,142.625,7.546250000000001
243,2020-10-11 03:00:00,949817.2421370698,1009.35,47.75,96.0,13.52188621745121,119.0,6.768750000000001
244,2020-10-11 04:00:00,939914.0781370698,1009.425,42.5,96.0,13.45938621745121,265.375,1.10125
245,2020-10-11 05:00:00,939404.7521370698,1009.7,40.25,96.25,13.61188621745121,228.75,0.35875
246,2020-10-11 06:00:00,932843.1581370698,1010.3,41.5,96.66666666666669,12.80688621745121,90.875,1.4775
247,2020-10-11 07:00:00,933220.0841370698,1011.1875,52.125,96.41666666666667,13.21938621745121,81.125,2.4375
248,2020-10-11 08:00:00,953716.0481370698,1011.9,49.25,93.16666666666667,15.32938621745121,106.625,5.577500000000001
249,2020-10-11 09:00:00,979819.9641370698,1012.25,42.25,90.66666666666667,16.88438621745122,127.875,6.98625
250,2020-10-11 10:00:00,997284.5141370697,1012.1625,52.0,86.25,20.49438621745121,154.125,2.23625
251,2020-10-11 11:00:00,1013361.22413707,1011.675,41.25,78.75,23.83438621745121,88.25,7.540000000000001
252,2020-10-11 12:00:00,1016604.04213707,1010.5125,39.875,76.75000000000001,25.34438621745121,229.125,10.9525
253,2020-10-11 13:00:00,1017472.77213707,1009.5625,35.0,75.49999999999999,24.01188621745121,312.875,10.04625
254,2020-10-11 14:00:00,1017214.91613707,1008.6625,42.25,80.91666666666666,23.02188621745122,255.625,16.13875
255,2020-10-11 15:00:00,1021099.44013707,1008.4875,43.75,82.58333333333333,22.45938621745122,225.625,16.3875
256,2020-10-11 16:00:00,1017812.99013707,1008.8375,44.875,83.08333333333334,22.08688621745122,304.875,15.30875
257,2020-10-11 17:00:00,1015389.64413707,1009.2,59.625,83.33333333333333,21.75438621745121,264.75,15.08125
258,2020-10-11 18:00:00,1037260.73413707,1009.65,49.0,85.16666666666666,20.11938621745121,294.75,13.14625
259,2020-10-11 19:00:00,1039825.82213707,1010.4875,29.5,87.08333333333331,18.48438621745122,312.0,10.61375
260,2020-10-11 20:00:00,1036839.85613707,1011.2,48.125,88.50000000000001,17.62188621745121,307.875,8.969999999999999
261,2020-10-11 21:00:00,1026610.53213707,1011.625,46.875,90.41666666666669,17.53938621745122,140.5,7.08125
262,2020-10-11 22:00:00,1013058.12613707,1011.4375,42.75,90.66666666666669,17.45438621745122,131.625,5.8925
263,2020-10-11 23:00:00,988577.2501370697,1011.3625,48.625,89.16666666666667,17.24938621745121,210.25,3.02
264,2020-10-12 00:00:00,976601.2921370699,1011.1,42.875,92.83333333333331,14.49938621745121,138.0,7.7525
265,2020-10-12 01:00:00,956855.73013707,1010.8375,37.75,89.66666666666666,13.58938621745121,146.125,10.73875
266,2020-10-12 02:00:00,943071.1481370699,1010.7625,40.875,91.08333333333331,12.13688621745121,148.25,5.425000000000001
267,2020-10-12 03:00:00,934923.4701370698,1010.7625,52.875,89.41666666666666,13.06438621745121,163.0,2.98
268,2020-10-12 04:00:00,934428.1721370697,1010.8625,54.375,88.75000000000001,13.39438621745121,167.75,1.67875
269,2020-10-12 05:00:00,942948.3261370698,1011.15,43.125,90.58333333333334,12.63188621745122,119.375,4.90375
270,2020-10-12 06:00:00,953104.0601370698,1011.9,35.5,90.66666666666669,13.02438621745121,132.875,3.575
271,2020-10-12 07:00:00,998302.2441370698,1012.75,54.0,90.25,13.66938621745122,116.875,9.39
272,2020-10-12 08:00:00,1084040.04013707,1013.425,74.25,89.33333333333334,14.59438621745121,134.0,7.819999999999999
273,2020-10-12 09:00:00,1180844.52213707,1013.775,72.75,86.41666666666667,16.61188621745121,171.625,3.645
274,2020-10-12 10:00:00,1230223.73213707,1013.525,66.875,85.16666666666667,18.71188621745121,201.125,2.66125
275,2020-10-12 11:00:00,1251300.58413707,1012.7,70.875,80.91666666666667,21.68188621745121,162.875,6.8575
276,2020-10-12 12:00:00,1249397.40013707,1011.8875,69.375,78.08333333333333,23.62688621745122,179.5,9.31875
277,2020-10-12 13:00:00,1241756.90213707,1010.9625,58.0,75.00000000000001,24.91688621745121,321.75,9.257499999999999
278,2020-10-12 14:00:00,1242724.39613707,1010.0875,51.375,73.75,25.75188621745121,258.125,9.440000000000001
279,2020-10-12 15:00:00,1236638.01813707,1009.7875,53.25,69.58333333333334,25.11188621745121,105.0,10.78625
280,2020-10-12 16:00:00,1229237.86213707,1009.8,53.625,77.83333333333334,23.38938621745121,307.875,15.16125
281,2020-10-12 17:00:00,1199007.57613707,1010.1,51.0,81.25,22.52688621745121,282.0,11.85875
282,2020-10-12 18:00:00,1169415.34213707,1010.6375,33.875,83.08333333333333,21.02438621745122,300.625,10.5425
283,2020-10-12 19:00:00,1130351.46813707,1011.4,30.5,83.24999999999999,19.40438621745121,329.5,7.965
284,2020-10-12 20:00:00,1099209.18813707,1011.95,12.375,80.33333333333333,19.02688621745121,220.75,7.61625
285,2020-10-12 21:00:00,1073567.43813707,1011.8875,9.625,83.83333333333333,17.76188621745121,40.0,6.48375
286,2020-10-12 22:00:00,1053648.76013707,1011.575,12.0,84.58333333333333,17.44438621745121,70.25,6.89625
287,2020-10-12 23:00:00,1018797.50413707,1011.3,12.375,78.25,17.34188621745121,201.0,2.7825
288,2020-10-13 00:00:00,1007267.60213707,1010.9,14.625,80.66666666666666,16.03438621745121,131.0,2.0025
289,2020-10-13 01:00:00,989644.4941370697,1010.425,15.5,78.66666666666667,16.01438621745121,52.0,2.295
290,2020-10-13 02:00:00,973708.6981370698,1009.9125,26.5,81.41666666666666,13.30188621745121,63.625,2.71375
291,2020-10-13 03:00:00,963342.4681370698,1009.7125,33.375,84.50000000000001,13.56438621745122,83.125,3.05625
292,2020-10-13 04:00:00,957526.5201370697,1009.8375,31.25,83.25,13.47438621745121,102.375,3.33125
293,2020-10-13 05:00:00,960261.7881370698,1010.2,33.0,84.50000000000001,12.49688621745121,95.375,7.6625
294,2020-10-13 06:00:00,963711.2901370698,1010.725,35.5,83.83333333333333,11.70188621745122,95.875,3.922499999999999
295,2020-10-13 07:00:00,1004262.80413707,1011.675,17.0,79.91666666666667,13.37938621745121,84.625,3.19875
296,2020-10-13 08:00:00,1087308.74413707,1012.3,8.5,78.16666666666667,14.86938621745121,87.125,2.7775
297,2020-10-13 09:00:00,1171643.65213707,1012.75,13.25,67.83333333333334,20.07938621745122,59.0,7.17
298,2020-10-13 10:00:00,1227685.43213707,1012.625,35.375,63.83333333333334,23.56688621745121,36.5,10.355
299,2020-10-13 11:00:00,1244754.02213707,1011.7,37.625,59.83333333333333,26.56438621745122,35.75,7.305
300,2020-10-13 12:00:00,1242890.34013707,1010.7125,16.375,59.16666666666666,28.27188621745121,224.375,10.76625
301,2020-10-13 13:00:00,1235114.87013707,1009.9625,10.375,59.33333333333333,28.47188621745121,311.625,10.415
302,2020-10-13 14:00:00,1237242.89213707,1009.2625,13.0,64.91666666666667,27.13438621745121,257.625,15.1175
303,2020-10-13 15:00:00,1234237.72213707,1009.025,18.5,65.33333333333334,26.14938621745121,253.25,16.1375
304,2020-10-13 16:00:00,1221958.77013707,1009.15,18.625,66.41666666666666,24.54438621745122,341.875,14.8775
305,2020-10-13 17:00:00,1184829.54413707,1009.5375,15.875,66.5,23.77438621745121,281.875,13.9375
306,2020-10-13 18:00:00,1162559.25613707,1010.15,4.5,67.5,21.80438621745121,292.875,13.14875
307,2020-10-13 19:00:00,1126984.44813707,1010.65,11.25,69.16666666666667,21.13688621745121,344.25,8.925
308,2020-10-13 20:00:00,1101358.63213707,1011.3375,25.25,74.66666666666666,19.57188621745122,340.375,5.84375
309,2020-10-13 21:00:00,1075242.02413707,1011.5,28.0,78.08333333333333,19.12688621745121,141.0,7.7525
310,2020-10-13 22:00:00,1054667.67813707,1011.5875,27.875,81.0,17.71938621745122,44.5,5.7525
311,2020-10-13 23:00:00,1019188.73013707,1011.4625,29.375,81.0,17.49438621745121,98.75,2.4725
312,2020-10-14 00:00:00,1008991.59613707,1011.175,10.125,85.41666666666666,14.87188621745121,88.875,6.21375
313,2020-10-14 01:00:00,989303.5041370698,1010.9625,15.0,85.33333333333331,14.19188621745121,106.625,6.695
314,2020-10-14 02:00:00,975179.1761370698,1010.675,35.25,81.5,15.35438621745122,99.875,7.991250000000001
315,2020-10-14 03:00:00,965496.6361370698,1010.5125,40.0,82.75,14.01938621745121,104.625,7.49875
316,2020-10-14 04:00:00,959563.5201370697,1010.4,40.125,83.33333333333331,12.47688621745121,91.75,4.7975
317,2020-10-14 05:00:00,961281.3101370698,1010.275,34.75,85.08333333333331,12.45438621745121,81.625,5.896249999999999
318,2020-10-14 06:00:00,965602.8981370698,1010.9625,30.625,85.08333333333333,12.76688621745122,85.875,2.5325
319,2020-10-14 07:00:00,1006934.29013707,1012.1125,29.375,84.41666666666667,13.43188621745121,97.125,5.745
320,2020-10-14 08:00:00,1092402.47213707,1012.825,8.5,85.33333333333331,14.47188621745122,82.375,6.3675
321,2020-10-14 09:00:00,1175553.58613707,1013.1625,4.75,81.58333333333333,17.03688621745121,84.5,5.63625
322,2020-10-14 10:00:00,1236594.38813707,1012.65,4.375,76.75,20.21938621745121,93.625,4.6625
323,2020-10-14 11:00:00,1261001.62413707,1012.025,11.75,67.75,25.70438621745122,155.125,7.225
324,2020-10-14 12:00:00,1257715.26013707,1011.175,10.125,65.75,27.41188621745122,114.625,8.0725
325,2020-10-14 13:00:00,1251445.12213707,1010.475,13.375,67.08333333333334,27.19438621745121,293.5,12.245
326,2020-10-14 14:00:00,1259447.40413707,1009.6875,17.75,68.58333333333333,25.64938621745121,276.25,14.455
327,2020-10-14 15:00:00,1255899.12413707,1009.575,17.0,73.16666666666666,23.39688621745121,259.875,14.6625
328,2020-10-14 16:00:00,1238018.48213707,1009.35,18.125,72.83333333333334,22.58688621745122,337.0,15.76
329,2020-10-14 17:00:00,1203709.98213707,1009.4125,14.375,71.25,22.17438621745121,285.125,16.29
330,2020-10-14 18:00:00,1173207.72413707,1009.9625,16.75,74.33333333333334,20.34438621745122,291.625,12.0725
331,2020-10-14 19:00:00,1141640.27813707,1011.05,14.375,76.75,18.41938621745121,333.5,9.608749999999999
332,2020-10-14 20:00:00,1120145.63613707,1011.8,6.25,76.25,18.75188621745122,340.25,7.6725
333,2020-10-14 21:00:00,1096529.37213707,1012.075,3.0,82.75000000000001,15.16688621745121,349.625,9.22875
334,2020-10-14 22:00:00,1067174.37613707,1011.775,5.0,86.58333333333333,13.93688621745121,51.625,8.995
335,2020-10-14 23:00:00,1032851.76013707,1011.5125,5.625,88.58333333333333,13.11938621745121,22.375,8.33
336,2020-10-15 00:00:00,1019622.78013707,1011.3375,10.625,86.91666666666667,13.10938621745122,24.5,7.64125
337,2020-10-15 01:00:00,1003514.56213707,1011.2375,14.625,81.0,14.94188621745121,95.25,1.89125
338,2020-10-15 02:00:00,985537.6161370698,1010.8125,16.0,85.58333333333333,12.44188621745121,104.75,4.43
339,2020-10-15 03:00:00,971777.7581370699,1010.65,17.625,86.41666666666667,11.16688621745121,100.75,5.51125
340,2020-10-15 04:00:00,966809.8541370698,1010.425,19.0,85.16666666666667,10.90438621745121,88.5,6.978750000000001
341,2020-10-15 05:00:00,969115.9281370698,1010.725,18.0,84.33333333333333,10.85188621745121,83.25,7.97125
342,2020-10-15 06:00:00,975010.2381370699,1011.5,16.125,84.58333333333334,11.07188621745121,86.0,8.045
343,2020-10-15 07:00:00,1016399.86613707,1012.2875,16.375,85.41666666666667,10.80688621745121,87.375,8.1975
344,2020-10-15 08:00:00,1104919.46813707,1012.8875,18.125,83.08333333333334,12.98438621745121,109.5,7.767499999999999
345,2020-10-15 09:00:00,1184093.48413707,1013.15,12.875,78.91666666666666,17.06188621745121,53.125,2.362499999999999
346,2020-10-15 10:00:00,1238906.95813707,1013.275,3.375,74.33333333333334,18.93438621745121,59.875,5.16
347,2020-10-15 11:00:00,1262489.14013707,1012.6,2.375,71.0,21.44938621745121,66.125,5.5825
348,2020-10-15 12:00:00,1259526.30813707,1011.225,4.25,68.75,25.15188621745121,227.75,5.055000000000001
349,2020-10-15 13:00:00,1252862.91413707,1010.425,10.0,70.08333333333334,23.45438621745122,283.375,11.385
350,2020-10-15 14:00:00,1263008.20813707,1009.9125,13.625,71.83333333333334,24.17438621745121,261.25,15.5625
351,2020-10-15 15:00:00,1249729.00613707,1009.7125,7.375,73.91666666666666,22.75438621745121,275.25,17.6125
352,2020-10-15 16:00:00,1226796.69813707,1009.7,14.625,76.08333333333333,22.25938621745122,302.125,16.77375
353,2020-10-15 17:00:00,1195213.15813707,1009.925,10.25,77.16666666666667,19.70438621745122,292.75,13.9325
354,2020-10-15 18:00:00,1165989.58813707,1010.7125,6.625,78.5,18.17688621745121,294.25,11.67
355,2020-10-15 19:00:00,1134288.43813707,1011.6375,4.0,79.58333333333333,16.75938621745122,314.875,8.91
356,2020-10-15 20:00:00,1110454.11013707,1012.4625,2.125,80.5,15.66188621745122,327.125,7.00125
357,2020-10-15 21:00:00,1088021.60813707,1012.65,3.375,82.16666666666667,14.80688621745121,304.0,6.681249999999999
358,2020-10-15 22:00:00,1070653.57013707,1012.475,4.375,83.75,14.04938621745121,19.0,7.115
359,2020-10-15 23:00:00,1038563.54813707,1012.325,3.5,85.66666666666667,13.30188621745122,46.375,7.46125
360,2020-10-16 00:00:00,1028690.15013707,1012.0625,2.125,84.25,12.95688621745121,69.625,8.03125
361,2020-10-16 01:00:00,1010467.11813707,1011.7875,7.875,87.41666666666667,14.01688621745121,102.75,3.350000000000001
362,2020-10-16 02:00:00,993561.8641370698,1011.4625,11.25,86.16666666666667,13.78188621745121,81.625,5.477499999999999
363,2020-10-16 03:00:00,980205.0281370698,1011.1125,14.625,88.58333333333333,12.22688621745121,85.0,5.43375
364,2020-10-16 04:00:00,974570.2661370698,1010.925,19.625,85.91666666666666,11.81938621745121,34.875,1.98625
365,2020-10-16 05:00:00,978172.4681370697,1011.1,16.5,87.41666666666667,10.77188621745121,63.75,4.83
366,2020-10-16 06:00:00,977264.8841370698,1011.5125,17.5,85.83333333333334,11.04438621745121,54.5,2.945
367,2020-10-16 07:00:00,1008339.80813707,1012.35,13.625,86.99999999999999,11.75688621745121,55.875,3.16375
368,2020-10-16 08:00:00,1076437.83213707,1012.9,9.125,83.91666666666666,13.02688621745122,66.375,6.26375
369,2020-10-16 09:00:00,1150280.79213707,1013.1,1.0,80.58333333333333,15.91688621745121,46.5,5.994999999999999
370,2020-10-16 10:00:00,1198987.40013707,1012.8625,10.5,74.16666666666667,20.81688621745121,54.25,6.84875
371,2020-10-16 11:00:00,1219756.52813707,1012.1625,1.5,69.0,24.30688621745121,58.5,8.8175
372,2020-10-16 12:00:00,1217899.07813707,1011.175,0.5,64.5,25.83688621745121,150.625,11.93
373,2020-10-16 13:00:00,1205684.08213707,1010.225,3.875,61.49999999999999,26.71938621745121,333.25,12.6375
374,2020-10-16 14:00:00,1215398.69213707,1009.6375,5.375,69.16666666666666,23.92688621745121,307.125,15.05875
375,2020-10-16 15:00:00,1214642.53413707,1009.275,5.625,71.75,22.71688621745122,301.875,16.67625
376,2020-10-16 16:00:00,1206520.43013707,1009.2,7.75,73.41666666666666,21.57188621745122,322.25,17.71875
377,2020-10-16 17:00:00,1184608.58613707,1009.45,5.0,75.16666666666667,20.21688621745121,317.125,17.78625
378,2020-10-16 18:00:00,1168726.28413707,1010.125,1.375,76.5,18.80438621745121,318.0,16.4625
379,2020-10-16 19:00:00,1140092.58213707,1010.725,3.0,77.75,17.39938621745122,327.125,14.60125
380,2020-10-16 20:00:00,1121054.82613707,1011.55,15.5,78.83333333333333,16.21938621745121,340.25,12.735
381,2020-10-16 21:00:00,1090671.56213707,1011.9125,16.125,77.25,17.42438621745121,89.375,3.40125
382,2020-10-16 22:00:00,1073458.45413707,1011.975,6.375,75.66666666666666,17.42688621745122,88.0,1.625
383,2020-10-16 23:00:00,1044515.46013707,1011.825,10.25,80.33333333333333,15.06688621745121,103.5,1.52125
384,2020-10-17 00:00:00,1037235.23213707,1011.55,5.125,77.58333333333333,15.74688621745121,52.125,1.865
385,2020-10-17 01:00:00,1020109.35213707,1010.975,9.75,78.0,14.49188621745121,21.875,2.28375
386,2020-10-17 02:00:00,995309.6321370697,1010.5375,13.625,79.66666666666667,12.85438621745121,56.0,5.6025
387,2020-10-17 03:00:00,989879.9841370698,1010.2625,14.5,81.58333333333334,11.12188621745121,35.0,3.425
388,2020-10-17 04:00:00,985077.4841370697,1010.1625,16.0,80.16666666666667,10.69938621745121,37.875,3.43375
389,2020-10-17 05:00:00,983542.0961370697,1010.6875,29.5,83.5,10.75188621745121,74.75,6.375
390,2020-10-17 06:00:00,987294.1661370699,1011.1625,17.5,80.75,10.89938621745121,56.625,3.1825
391,2020-10-17 07:00:00,1011801.69413707,1011.95,14.375,81.33333333333333,10.34688621745121,68.75,2.1925
392,2020-10-17 08:00:00,1066078.27613707,1012.4375,7.375,77.58333333333333,12.20938621745121,85.875,2.0725
393,2020-10-17 09:00:00,1126215.88413707,1012.8125,3.0,70.0,17.01438621745121,37.5,4.68375
394,2020-10-17 10:00:00,1176888.92013707,1012.5,0.25,63.58333333333332,21.69438621745121,40.0,6.4975
395,2020-10-17 11:00:00,1191715.38413707,1011.875,0.0,60.0,24.00438621745122,40.5,10.41625
396,2020-10-17 12:00:00,1190899.83013707,1011.075,0.375,57.58333333333331,27.64188621745121,44.625,15.47875
397,2020-10-17 13:00:00,1180335.82213707,1010.1375,3.5,63.25000000000001,25.99438621745121,250.0,12.68625
398,2020-10-17 14:00:00,1190636.15413707,1009.4125,7.375,65.75,25.43938621745122,265.875,17.18125
399,2020-10-17 15:00:00,1188683.89413707,1009.075,13.125,57.25,27.11188621745121,306.875,14.41875
400,2020-10-17 16:00:00,1181920.21213707,1009.0125,15.0,58.66666666666667,26.86688621745121,320.5,16.18
401,2020-10-17 17:00:00,1158397.36013707,1009.3125,1.875,61.16666666666667,25.01688621745122,303.125,15.93875
402,2020-10-17 18:00:00,1160218.47013707,1010.05,0.0,65.66666666666667,21.55938621745121,317.125,12.81875
403,2020-10-17 19:00:00,1140738.01013707,1011.2375,0.0,69.91666666666666,19.83938621745121,329.625,8.30125
404,2020-10-17 20:00:00,1120276.85813707,1011.8875,0.5,74.83333333333333,17.94188621745121,332.625,10.6725
405,2020-10-17 21:00:00,1093013.15613707,1012.0,3.25,75.24999999999999,16.36688621745121,306.875,9.745000000000001
406,2020-10-17 22:00:00,1068275.74813707,1012.0375,4.875,74.0,15.89438621745121,26.75,7.12375
407,2020-10-17 23:00:00,1027119.11413707,1011.8375,6.0,73.75,15.70938621745122,43.625,6.83875
408,2020-10-18 00:00:00,1019178.50013707,1011.7125,13.875,71.75,14.45438621745122,70.375,6.987500000000001
409,2020-10-18 01:00:00,1001452.48413707,1011.3,20.75,74.25000000000001,12.90938621745121,77.25,2.71
410,2020-10-18 02:00:00,990628.1401370697,1010.975,25.875,74.5,12.57188621745122,82.0,1.945
411,2020-10-18 03:00:00,978555.6201370698,1010.8125,26.375,74.66666666666669,12.03688621745122,84.375,1.73125
412,2020-10-18 04:00:00,974265.6021370697,1010.9375,28.875,77.58333333333333,10.75938621745122,80.375,1.63
413,2020-10-18 05:00:00,969677.4621370698,1011.3,32.75,76.25,11.89938621745121,74.875,1.715
414,2020-10-18 06:00:00,962825.9961370698,1011.8125,30.375,77.16666666666666,11.36688621745121,78.0,1.99125
415,2020-10-18 07:00:00,961505.8161370698,1012.8,21.625,76.25,11.88688621745121,72.875,2.315
416,2020-10-18 08:00:00,979564.0281370699,1013.5875,33.625,74.58333333333331,13.12688621745122,73.0,2.03375
417,2020-10-18 09:00:00,1010181.75813707,1013.6,42.5,71.91666666666666,17.11188621745121,79.625,1.13375
418,2020-10-18 10:00:00,1037417.98613707,1013.2875,38.375,62.75,21.69938621745121,53.75,6.24125
419,2020-10-18 11:00:00,1051426.07813707,1012.75,18.75,59.58333333333331,24.93438621745121,25.0,8.165
420,2020-10-18 12:00:00,1052408.60613707,1012.0875,9.625,58.75000000000001,26.20438621745122,206.5,9.6875
421,2020-10-18 13:00:00,1049690.28813707,1011.3,3.75,61.83333333333333,25.72688621745121,271.0,14.06
422,2020-10-18 14:00:00,1059191.44413707,1010.6375,1.25,61.75,25.03188621745121,266.75,15.46125
423,2020-10-18 15:00:00,1056580.85213707,1010.2625,0.0,66.0,24.46188621745122,274.5,15.20375
424,2020-10-18 16:00:00,1049308.36813707,1010.0625,0.0,60.83333333333333,23.85438621745121,323.25,14.74875
425,2020-10-18 17:00:00,1041985.01413707,1010.4625,0.375,58.0,23.44188621745122,312.0,15.21
426,2020-10-18 18:00:00,1058951.50013707,1011.1125,3.0,63.5,21.44688621745122,328.625,10.3875
427,2020-10-18 19:00:00,1062842.37813707,1012.1875,6.5,69.91666666666666,18.79938621745121,323.375,8.875
428,2020-10-18 20:00:00,1059990.12813707,1012.975,10.75,72.41666666666666,18.05688621745121,338.5,6.9275
429,2020-10-18 21:00:00,1050173.79813707,1013.0,25.875,73.83333333333334,17.94688621745122,50.875,7.3875
430,2020-10-18 22:00:00,1037871.09213707,1012.975,53.125,76.91666666666666,16.68438621745121,16.375,6.94375
431,2020-10-18 23:00:00,1010591.22013707,1012.75,50.625,74.41666666666667,16.32188621745122,17.25,5.51125
432,2020-10-19 00:00:00,1006881.42613707,1012.6125,61.25,75.16666666666666,15.97438621745122,62.625,2.295
433,2020-10-19 01:00:00,991054.7961370698,1012.2,79.375,75.08333333333333,14.45688621745122,100.125,5.140000000000001
434,2020-10-19 02:00:00,978804.2641370697,1011.85,82.625,74.66666666666669,14.03688621745121,59.5,2.89875
435,2020-10-19 03:00:00,972093.2221370698,1011.625,74.625,76.41666666666669,13.51188621745121,175.5,5.8475
436,2020-10-19 04:00:00,970715.0421370699,1011.3875,72.5,75.00000000000001,13.32188621745121,96.5,3.50125
437,2020-10-19 05:00:00,973497.8341370698,1011.8125,56.0,77.66666666666667,12.38938621745121,90.375,9.45375
438,2020-10-19 06:00:00,990038.1521370697,1012.7375,46.0,77.75,12.85188621745121,105.375,9.16875
439,2020-10-19 07:00:00,1036209.59013707,1013.725,45.625,78.83333333333333,13.64938621745121,64.625,9.66875
440,2020-10-19 08:00:00,1123583.79013707,1014.075,45.625,79.75,14.52188621745121,143.75,6.2675
441,2020-10-19 09:00:00,1203139.61813707,1014.4875,38.75,77.0,17.11938621745121,147.875,5.81
442,2020-10-19 10:00:00,1262421.13813707,1014.5625,40.5,74.0,19.69688621745122,125.25,9.88875
443,2020-10-19 11:00:00,1275288.62613707,1014.1625,40.75,67.16666666666666,23.77188621745121,78.25,11.19875
444,2020-10-19 12:00:00,1268138.40413707,1013.475,12.125,61.66666666666667,26.30188621745121,110.75,14.5975
445,2020-10-19 13:00:00,1258385.90813707,1012.4875,21.75,59.49999999999999,27.61188621745121,297.25,11.54625
446,2020-10-19 14:00:00,1270160.94413707,1011.775,19.625,60.0,27.04438621745122,205.625,13.04125
447,2020-10-19 15:00:00,1269709.80813707,1011.1125,12.25,65.25,26.22188621745121,218.375,11.51375
448,2020-10-19 16:00:00,1257622.96213707,1010.8125,2.25,69.75,24.56938621745121,321.0,16.38
449,2020-10-19 17:00:00,1228533.00413707,1011.05,1.0,69.66666666666666,23.54188621745122,284.625,13.59375
450,2020-10-19 18:00:00,1207743.24213707,1011.7125,11.125,68.58333333333334,22.94688621745122,299.75,10.44625
451,2020-10-19 19:00:00,1175822.16213707,1012.6625,15.375,78.08333333333331,20.26188621745121,328.75,8.61375
452,2020-10-19 20:00:00,1144798.65413707,1013.5,13.125,80.50000000000001,18.32938621745122,339.75,9.62
453,2020-10-19 21:00:00,1115408.43413707,1013.975,27.375,81.83333333333333,17.94188621745121,221.125,10.15375
454,2020-10-19 22:00:00,1090932.16013707,1013.8125,32.75,82.58333333333334,16.42188621745121,28.375,8.075
455,2020-10-19 23:00:00,1050369.11013707,1013.675,32.5,82.66666666666669,16.09188621745121,62.625,7.61125
456,2020-10-20 00:00:00,1039145.79413707,1013.3,39.125,79.5,15.86688621745122,55.875,7.0725
457,2020-10-20 01:00:00,1024599.43213707,1012.925,44.625,77.75,15.50688621745121,84.5,6.78625
458,2020-10-20 02:00:00,1006199.11813707,1012.4125,50.875,78.0,15.17438621745121,85.25,3.82875
459,2020-10-20 03:00:00,994421.6921370699,1012.2,42.375,78.08333333333333,15.05438621745121,58.875,6.779999999999999
460,2020-10-20 04:00:00,988544.3701370697,1012.1,40.25,79.83333333333333,13.97938621745121,44.375,8.70125
461,2020-10-20 05:00:00,996029.9501370698,1012.2,37.625,81.16666666666666,12.95188621745121,79.75,7.853750000000001
462,2020-10-20 06:00:00,1002069.92613707,1012.9,33.75,79.00000000000001,14.43188621745121,96.75,8.95625
463,2020-10-20 07:00:00,1044375.91413707,1013.5625,24.375,81.25,14.10688621745121,78.0,5.025
464,2020-10-20 08:00:00,1120990.75813707,1014.0,22.125,79.91666666666667,15.20688621745121,66.375,7.126250000000001
465,2020-10-20 09:00:00,1199156.32413707,1014.275,14.25,71.5,19.13688621745121,97.375,2.77
466,2020-10-20 10:00:00,1248516.18213707,1014.0,17.125,64.58333333333334,23.45688621745122,105.25,8.033750000000001
467,2020-10-20 11:00:00,1268044.38013707,1013.4375,20.25,60.75,25.94938621745122,72.0,7.3
468,2020-10-20 12:00:00,1270497.77613707,1012.8625,23.625,60.75000000000001,27.58438621745121,258.375,6.685
469,2020-10-20 13:00:00,1259685.89213707,1011.8375,30.875,59.49999999999999,28.32188621745121,305.0,9.4175
470,2020-10-20 14:00:00,1269510.64413707,1010.9125,38.5,65.83333333333333,26.33438621745121,266.625,16.3375
471,2020-10-20 15:00:00,1265972.31213707,1010.3125,38.125,66.91666666666666,25.24938621745122,265.625,17.2525
472,2020-10-20 16:00:00,1253681.37413707,1010.1125,23.75,69.08333333333334,24.21438621745122,283.875,18.3975
473,2020-10-20 17:00:00,1225987.38413707,1010.4125,17.75,71.91666666666666,22.70438621745122,295.625,16.36875
474,2020-10-20 18:00:00,1211065.06813707,1011.1125,11.625,75.91666666666667,20.69188621745121,311.375,11.24625
475,2020-10-20 19:00:00,1173461.36413707,1012.0125,9.125,74.0,19.95938621745121,334.875,10.60875
476,2020-10-20 20:00:00,1139222.73813707,1012.8125,8.625,73.66666666666666,19.70438621745122,341.0,11.17
477,2020-10-20 21:00:00,1100908.14413707,1013.1125,10.75,74.99999999999999,18.44938621745121,304.5,6.907500000000001
478,2020-10-20 22:00:00,1078479.40013707,1013.175,2.875,76.75,18.06438621745122,10.5,7.22125
479,2020-10-20 23:00:00,1041723.83013707,1012.9625,11.625,78.50000000000001,16.59438621745122,46.5,2.9625
480,2020-10-21 00:00:00,1025161.50413707,1012.5,13.125,78.91666666666667,16.13688621745121,44.5,3.09625
481,2020-10-21 01:00:00,1011267.12413707,1011.9125,3.375,80.50000000000001,14.78438621745121,38.5,3.3875
482,2020-10-21 02:00:00,997162.2561370698,1011.5125,1.125,82.41666666666669,14.33938621745121,40.125,3.57
483,2020-10-21 03:00:00,984906.3421370699,1011.3,16.375,80.91666666666669,13.68938621745122,47.375,3.895
484,2020-10-21 04:00:00,981856.2561370699,1011.15,15.375,84.08333333333334,11.21688621745121,82.75,9.45625
485,2020-10-21 05:00:00,987902.6161370698,1011.4125,12.75,81.0,12.18188621745121,64.625,4.720000000000001
486,2020-10-21 06:00:00,997581.5581370698,1012.0125,1.5,80.0,12.66188621745122,83.625,6.593750000000001
487,2020-10-21 07:00:00,1036548.33213707,1012.8,24.75,79.5,13.32688621745121,97.25,7.800000000000001
488,2020-10-21 08:00:00,1113495.56213707,1013.4875,45.75,78.16666666666667,14.69938621745121,86.625,3.35375
489,2020-10-21 09:00:00,1195469.28413707,1013.7875,48.125,71.41666666666666,18.80438621745121,51.375,6.56875
490,2020-10-21 10:00:00,1245687.21413707,1013.7625,48.125,68.58333333333334,21.97188621745121,78.5,2.48875
491,2020-10-21 11:00:00,1265279.47213707,1013.1,30.5,62.25,25.41438621745122,115.375,6.6825
492,2020-10-21 12:00:00,1266094.00613707,1012.2875,28.25,59.08333333333334,28.47438621745121,137.375,8.237499999999999
493,2020-10-21 13:00:00,1259005.07613707,1011.3125,27.5,58.08333333333333,29.71938621745121,303.125,8.78375
494,2020-10-21 14:00:00,1262487.31613707,1010.575,12.875,61.16666666666667,28.01688621745121,264.375,11.86125
495,2020-10-21 15:00:00,1260193.67813707,1010.1125,12.5,62.16666666666667,26.40688621745121,266.875,13.83375
496,2020-10-21 16:00:00,1251102.46213707,1009.925,9.375,62.08333333333333,25.35188621745121,300.5,15.29625
497,2020-10-21 17:00:00,1222379.95613707,1010.1125,10.875,61.41666666666667,24.67438621745121,309.0,14.255
498,2020-10-21 18:00:00,1195280.52213707,1010.575,11.875,63.83333333333334,22.82188621745122,322.0,12.07875
499,2020-10-21 19:00:00,1163837.06613707,1011.2875,1.5,71.33333333333334,19.88438621745122,328.0,9.5
500,2020-10-21 20:00:00,1128069.55213707,1011.8,0.0,70.75,19.44438621745121,304.5,9.401250000000001
501,2020-10-21 21:00:00,1098691.19613707,1012.125,0.0,73.0,18.26688621745122,14.0,6.27625
502,2020-10-21 22:00:00,1076569.31213707,1012.1875,0.0,73.33333333333334,17.83438621745121,33.875,7.225
503,2020-10-21 23:00:00,1046405.01813707,1012.0375,0.0,75.08333333333331,16.23188621745121,90.75,2.11125
504,2020-10-22 00:00:00,1035542.03213707,1011.7,10.5,76.66666666666667,14.50938621745121,83.25,1.87125
505,2020-10-22 01:00:00,1019773.93413707,1011.1125,12.0,76.66666666666669,14.11938621745121,85.0,2.1675
506,2020-10-22 02:00:00,1002091.83213707,1010.675,12.0,75.49999999999999,13.84938621745122,80.0,2.35125
507,2020-10-22 03:00:00,988795.9981370697,1010.5,11.875,77.08333333333331,12.22438621745122,102.375,7.895
508,2020-10-22 04:00:00,985302.3721370697,1010.6,11.25,77.33333333333331,11.92688621745121,94.875,8.88375
509,2020-10-22 05:00:00,988134.1541370698,1010.9125,11.25,78.50000000000001,10.87688621745122,88.125,9.025
510,2020-10-22 06:00:00,996627.6501370699,1011.6125,11.875,78.66666666666669,10.97688621745121,69.25,3.90125
511,2020-10-22 07:00:00,1029929.36813707,1012.5625,26.25,74.83333333333334,12.71438621745122,66.375,3.51625
512,2020-10-22 08:00:00,1109439.01213707,1013.2625,28.25,74.16666666666666,14.45188621745121,67.875,3.40125
513,2020-10-22 09:00:00,1187705.61413707,1013.6125,14.0,67.25,19.24188621745121,70.25,8.66
514,2020-10-22 10:00:00,1236159.95813707,1013.7625,1.5,65.08333333333334,21.35438621745121,67.5,8.9875
515,2020-10-22 11:00:00,1254358.73213707,1013.45,0.0,61.41666666666667,24.23438621745121,73.75,8.9875
516,2020-10-22 12:00:00,1247957.83613707,1012.7375,0.0,57.5,27.16188621745122,104.75,12.40625
517,2020-10-22 13:00:00,1241586.67613707,1011.9375,0.125,55.91666666666667,27.98688621745121,45.25,11.56375
518,2020-10-22 14:00:00,1245424.13613707,1011.3125,11.5,56.5,27.20188621745121,288.25,11.7975
519,2020-10-22 15:00:00,1244311.98613707,1011.1875,27.375,56.66666666666667,27.81188621745121,348.75,12.8
520,2020-10-22 16:00:00,1232048.17613707,1011.15,16.875,58.58333333333333,27.32688621745121,332.0,14.68375
521,2020-10-22 17:00:00,1208303.02213707,1011.5,14.875,59.25,25.49938621745121,354.5,16.42125
522,2020-10-22 18:00:00,1183562.20613707,1012.0375,11.625,66.08333333333333,23.12438621745121,333.375,13.22125
523,2020-10-22 19:00:00,1147122.61413707,1012.7875,1.375,65.66666666666667,21.49188621745121,342.0,11.45
524,2020-10-22 20:00:00,1117236.75413707,1013.4,0.0,67.25,19.50188621745122,309.125,11.205
525,2020-10-22 21:00:00,1082146.51413707,1013.825,0.0,66.25,18.00938621745122,31.0,9.295
526,2020-10-22 22:00:00,1056181.21413707,1013.6875,0.0,60.58333333333334,17.55688621745121,44.375,9.23125
527,2020-10-22 23:00:00,1026125.77013707,1013.4625,0.0,67.58333333333333,14.88688621745121,88.375,7.1825
528,2020-10-23 00:00:00,1016217.42413707,1013.175,0.0,67.66666666666666,14.11188621745121,71.625,3.28125
529,2020-10-23 01:00:00,1002013.16613707,1012.9125,0.375,68.5,12.61938621745121,63.625,3.38875
530,2020-10-23 02:00:00,989311.9721370698,1012.6,1.0,68.75,11.99188621745122,66.5,3.7075
531,2020-10-23 03:00:00,980442.4801370698,1012.2625,0.125,72.33333333333333,10.07438621745121,67.375,4.09
532,2020-10-23 04:00:00,976283.8221370698,1012.075,0.0,74.58333333333334,9.474386217451215,94.5,9.81625
533,2020-10-23 05:00:00,973050.8641370698,1012.35,0.0,70.41666666666666,10.73438621745122,75.25,10.67375
534,2020-10-23 06:00:00,982034.0121370697,1013.1125,0.0,71.25,10.34188621745121,90.0,11.65375
535,2020-10-23 07:00:00,1018542.21013707,1014.1,0.0,69.25,11.09688621745121,88.875,11.625
536,2020-10-23 08:00:00,1097627.47813707,1014.925,0.0,67.66666666666666,12.78188621745121,82.625,10.33375
537,2020-10-23 09:00:00,1179328.43013707,1015.4,0.0,62.83333333333334,17.57938621745121,60.125,10.35375
538,2020-10-23 10:00:00,1230058.09813707,1015.55,0.0,61.41666666666667,21.15188621745121,82.25,14.39
539,2020-10-23 11:00:00,1245567.28413707,1015.0625,0.0,58.5,24.34688621745121,78.5,12.59
540,2020-10-23 12:00:00,1242424.45213707,1014.2875,0.0,55.25000000000001,27.50438621745121,46.875,13.2025
541,2020-10-23 13:00:00,1235727.84813707,1013.3,0.0,54.08333333333333,28.64688621745121,60.375,12.10875
542,2020-10-23 14:00:00,1236602.14813707,1012.5375,0.0,53.66666666666667,27.98438621745122,59.5,14.54375
543,2020-10-23 15:00:00,1243692.08813707,1012.3,0.0,54.5,26.54688621745121,43.375,18.10125
544,2020-10-23 16:00:00,1222652.36013707,1012.3125,0.0,54.08333333333333,25.78938621745121,11.25,21.05375
545,2020-10-23 17:00:00,1197741.80613707,1012.65,0.0,55.5,25.18688621745121,304.375,16.98375
546,2020-10-23 18:00:00,1180305.65613707,1013.45,0.0,56.91666666666667,23.53688621745121,343.0,14.73875
547,2020-10-23 19:00:00,1142359.91613707,1014.1375,0.0,71.08333333333334,20.08938621745121,343.5,16.36875
548,2020-10-23 20:00:00,1112773.92013707,1014.7875,0.0,69.66666666666667,18.00188621745122,309.375,14.5525
549,2020-10-23 21:00:00,1084947.19413707,1015.0375,0.0,71.08333333333334,16.49688621745121,21.75,11.32375
550,2020-10-23 22:00:00,1060699.10813707,1015.1,0.0,69.58333333333334,15.95938621745121,63.5,3.7325
551,2020-10-23 23:00:00,1025743.66213707,1014.925,0.0,70.5,14.26938621745121,87.25,5.6525
552,2020-10-24 00:00:00,1013968.99413707,1014.525,0.0,74.16666666666669,12.29438621745121,111.625,7.41625
553,2020-10-24 01:00:00,1000254.35213707,1014.0,0.0,75.83333333333333,10.50688621745121,106.625,6.436249999999999
554,2020-10-24 02:00:00,986552.5261370698,1013.4625,0.0,74.58333333333333,9.904386217451213,109.5,6.5425
555,2020-10-24 03:00:00,976602.5401370699,1013.0125,0.0,72.58333333333334,9.279386217451215,92.625,8.44625
556,2020-10-24 04:00:00,972626.8061370698,1012.9,0.0,73.33333333333334,7.944386217451214,95.75,8.09125
557,2020-10-24 05:00:00,975295.4281370698,1013.1375,0.0,73.5,7.836886217451216,102.25,8.145
558,2020-10-24 06:00:00,978001.1141370698,1014.1375,0.0,70.41666666666666,8.159386217451214,94.25,11.47125
559,2020-10-24 07:00:00,998207.5481370698,1014.9625,0.0,69.75,8.869386217451213,80.5,5.62
560,2020-10-24 08:00:00,1049600.63013707,1016.0375,0.0,69.75,10.69938621745121,84.5,4.6725
561,2020-10-24 09:00:00,1108745.73613707,1016.275,0.0,63.83333333333334,15.88188621745122,91.75,12.3275
562,2020-10-24 10:00:00,1163869.17213707,1016.175,0.0,60.5,20.60688621745122,79.875,13.35875
563,2020-10-24 11:00:00,1160918.84213707,1015.8375,0.0,57.00000000000001,24.42938621745121,77.125,14.38
564,2020-10-24 12:00:00,1157602.00013707,1014.9375,0.0,57.5,26.36938621745121,47.875,13.545
565,2020-10-24 13:00:00,1153012.15213707,1014.025,0.0,57.08333333333333,28.32188621745121,99.5,11.58625
566,2020-10-24 14:00:00,1165947.80413707,1013.3125,0.0,57.41666666666666,29.42688621745121,79.125,12.39875
567,2020-10-24 15:00:00,1165408.30213707,1012.775,0.375,58.5,28.49688621745122,191.0,13.855
568,2020-10-24 16:00:00,1155575.85613707,1012.5375,12.25,61.0,26.01438621745121,291.125,18.64
569,2020-10-24 17:00:00,1145139.28413707,1012.55,17.25,64.0,24.46938621745122,300.375,16.65625
570,2020-10-24 18:00:00,1144051.11213707,1013.0375,33.25,69.91666666666666,21.41188621745121,315.375,13.80625
571,2020-10-24 19:00:00,1123784.32013707,1013.8,15.375,72.41666666666666,19.92438621745121,322.875,11.4275
572,2020-10-24 20:00:00,1100451.48613707,1014.475,16.375,72.33333333333334,18.39688621745121,304.875,8.0675
573,2020-10-24 21:00:00,1081715.06613707,1014.8875,15.0,73.0,17.85438621745121,30.0,8.940000000000001
574,2020-10-24 22:00:00,1057319.41013707,1014.775,6.75,71.08333333333333,17.44438621745121,37.75,8.14625
575,2020-10-24 23:00:00,1021663.23213707,1014.4875,0.625,73.5,15.97188621745121,82.375,2.6175
576,2020-10-25 00:00:00,1012115.35213707,1014.0875,3.5,75.99999999999999,14.29688621745122,84.125,8.5375
577,2020-10-25 01:00:00,995560.2941370697,1013.7,0.75,78.0,12.53938621745121,89.25,3.33
578,2020-10-25 02:00:00,985119.3621370697,1013.275,0.0,78.5,11.93688621745121,92.625,3.0525
579,2020-10-25 03:00:00,974535.8381370698,1013.25,0.125,75.58333333333333,11.32188621745122,62.75,9.46625
580,2020-10-25 04:00:00,968495.3421370698,1013.0125,2.625,76.50000000000001,9.961886217451212,90.25,10.1975
581,2020-10-25 05:00:00,965116.0201370697,1013.275,6.0,74.66666666666667,9.999386217451214,114.25,11.3275
582,2020-10-25 06:00:00,960101.8041370697,1014.0375,10.25,73.41666666666667,10.55188621745121,82.25,5.873749999999999
583,2020-10-25 07:00:00,955394.0281370698,1014.975,11.5,67.66666666666666,12.52188621745121,65.75,9.0925
584,2020-10-25 08:00:00,972059.1141370698,1015.55,27.5,63.41666666666666,15.81688621745121,59.25,9.846250000000001
585,2020-10-25 09:00:00,1000796.35213707,1015.85,32.0,60.75,19.29188621745121,70.5,9.27375
586,2020-10-25 10:00:00,1027057.00813707,1015.85,30.625,59.66666666666667,22.58438621745121,79.25,12.01625
587,2020-10-25 11:00:00,1044712.40613707,1015.5125,33.5,58.83333333333334,24.78938621745121,80.25,14.88
588,2020-10-25 12:00:00,1051871.47813707,1014.8,17.25,59.24999999999999,25.97438621745122,114.625,12.99875
589,2020-10-25 13:00:00,1052803.53013707,1014.0625,15.0,58.0,28.84938621745122,104.25,9.8125
590,2020-10-25 14:00:00,1062493.46013707,1013.4375,4.5,57.24999999999999,29.76188621745121,125.25,7.53375
591,2020-10-25 15:00:00,1061956.69013707,1013.025,3.375,57.58333333333333,28.88938621745122,127.375,12.55625
592,2020-10-25 16:00:00,1059074.17213707,1013.0,2.625,59.66666666666667,26.90688621745121,152.375,11.9425
593,2020-10-25 17:00:00,1055442.65813707,1013.075,4.25,61.16666666666667,25.98438621745121,265.125,12.61875
594,2020-10-25 18:00:00,1072783.73413707,1013.525,5.75,62.75,24.29438621745121,330.0,12.32875
595,2020-10-25 19:00:00,1075244.53413707,1014.2,11.5,68.83333333333334,20.63688621745121,342.5,7.484999999999999
596,2020-10-25 20:00:00,1068141.84213707,1014.875,10.375,68.25,19.91188621745121,307.875,11.5875
597,2020-10-25 21:00:00,1054372.58813707,1015.05,12.375,70.25,18.84938621745122,96.375,8.2975
598,2020-10-25 22:00:00,1034118.17813707,1014.9375,14.375,74.16666666666669,17.47188621745121,47.125,3.24
599,2020-10-25 23:00:00,1010037.16213707,1014.7625,7.5,73.33333333333334,15.86188621745121,90.375,6.446249999999999
600,2020-10-26 00:00:00,1002266.77813707,1014.45,9.375,75.83333333333333,14.15938621745121,46.0,5.822500000000001
601,2020-10-26 01:00:00,986404.2801370698,1014.05,12.25,77.75,12.42688621745121,77.625,2.41625
602,2020-10-26 02:00:00,975458.7761370698,1014.0125,13.625,76.25,11.80438621745121,115.375,6.592499999999999
603,2020-10-26 03:00:00,968492.6941370697,1013.6625,9.625,78.91666666666666,9.916886217451212,83.375,11.0975
604,2020-10-26 04:00:00,967808.7021370698,1013.3125,3.0,77.58333333333331,9.326886217451213,80.375,4.94125
605,2020-10-26 05:00:00,972071.7941370698,1013.4625,3.75,78.41666666666667,8.241886217451214,98.25,7.1975
606,2020-10-26 06:00:00,977779.5561370697,1014.1875,2.25,74.83333333333331,9.709386217451213,96.75,7.477500000000001
607,2020-10-26 07:00:00,1020143.75813707,1014.8875,0.375,71.5,10.59438621745121,88.125,9.938749999999999
608,2020-10-26 08:00:00,1101334.01613707,1015.4,0.0,69.25,12.24438621745121,88.75,8.99375
609,2020-10-26 09:00:00,1184280.73613707,1015.75,0.0,63.75,17.30938621745121,74.375,8.20875
610,2020-10-26 10:00:00,1232380.73813707,1015.6875,0.0,59.16666666666667,22.02438621745121,90.25,9.85875
611,2020-10-26 11:00:00,1255354.66613707,1015.0875,0.0,57.33333333333334,24.57438621745121,91.25,10.0025
612,2020-10-26 12:00:00,1255672.95813707,1013.925,0.0,56.75,25.85188621745121,87.75,10.805
613,2020-10-26 13:00:00,1254302.33613707,1012.85,0.0,54.25,27.63938621745121,144.25,10.725
614,2020-10-26 14:00:00,1261089.41213707,1011.9625,0.375,52.75,27.05438621745121,74.875,11.38375
615,2020-10-26 15:00:00,1255555.97813707,1011.5125,1.125,55.0,26.04938621745121,24.375,13.12375
616,2020-10-26 16:00:00,1248169.68813707,1011.475,0.5,54.91666666666666,25.42438621745122,51.25,15.09625
617,2020-10-26 17:00:00,1215428.39813707,1011.7125,2.125,57.16666666666667,23.65688621745122,92.0,15.02875
618,2020-10-26 18:00:00,1196171.45813707,1012.225,0.125,58.16666666666667,22.51188621745121,46.625,12.53125
619,2020-10-26 19:00:00,1156004.38613707,1012.8875,10.5,62.41666666666667,19.74188621745122,10.0,10.715
620,2020-10-26 20:00:00,1126944.49613707,1013.425,1.5,68.16666666666667,16.98188621745121,183.125,10.44375
621,2020-10-26 21:00:00,1107764.46413707,1013.6,0.0,73.66666666666666,15.45188621745121,47.0,3.8325
622,2020-10-26 22:00:00,1083886.09813707,1013.525,0.0,72.75,15.09938621745121,48.25,6.16375
623,2020-10-26 23:00:00,1046283.85013707,1013.2875,0.0,72.5,13.43688621745121,106.0,2.34
624,2020-10-27 00:00:00,1030562.67413707,1012.6375,0.0,73.83333333333334,11.52188621745121,96.875,5.32
625,2020-10-27 01:00:00,1015748.49013707,1011.8125,0.0,73.5,10.79938621745121,94.0,8.41625
626,2020-10-27 02:00:00,1002130.90213707,1011.225,0.0,74.16666666666666,9.279386217451213,104.125,3.9275
627,2020-10-27 03:00:00,991319.0821370699,1010.9375,0.0,77.0,7.449386217451215,94.625,11.145
628,2020-10-27 04:00:00,985604.1201370698,1010.8,0.0,74.08333333333333,8.164386217451215,74.625,8.43875
629,2020-10-27 05:00:00,990147.9941370697,1011.0125,0.0,74.83333333333333,7.244386217451215,101.375,9.26375
630,2020-10-27 06:00:00,996780.6821370698,1011.7,0.0,73.25,7.431886217451215,100.25,10.42625
631,2020-10-27 07:00:00,1032729.16813707,1012.4875,0.0,72.0,7.041886217451212,94.5,8.34625
632,2020-10-27 08:00:00,1105748.60613707,1013.0,0.0,71.66666666666666,8.569386217451214,103.125,10.265
633,2020-10-27 09:00:00,1179585.64413707,1013.275,0.0,65.16666666666667,13.85188621745121,97.375,11.695
634,2020-10-27 10:00:00,1225509.79213707,1013.4,0.0,59.0,19.01938621745121,91.625,13.175
635,2020-10-27 11:00:00,1238799.84213707,1012.8,0.0,55.41666666666667,22.13188621745121,102.0,14.0775
636,2020-10-27 12:00:00,1231963.38213707,1011.6875,0.0,51.74999999999999,24.99438621745121,112.5,16.05875
637,2020-10-27 13:00:00,1214817.01613707,1010.35,0.0,51.0,26.43938621745121,104.375,14.9225
638,2020-10-27 14:00:00,1219995.02013707,1009.7,0.0,49.41666666666666,27.25688621745121,97.625,13.5175
639,2020-10-27 15:00:00,1218247.08013707,1009.425,0.0,48.08333333333332,26.40938621745121,51.5,14.57375
640,2020-10-27 16:00:00,1212317.92613707,1009.5625,0.0,58.91666666666666,22.42938621745121,259.125,15.8675
641,2020-10-27 17:00:00,1191177.20213707,1009.8125,0.0,59.75,21.21688621745121,263.625,16.4225
642,2020-10-27 18:00:00,1175057.42413707,1010.575,0.0,70.41666666666666,17.80688621745121,266.125,13.4
643,2020-10-27 19:00:00,1135442.80013707,1011.5375,0.0,70.0,16.69188621745121,323.75,10.55375
644,2020-10-27 20:00:00,1104566.26213707,1011.9125,0.0,72.5,15.16188621745121,309.375,14.76375
645,2020-10-27 21:00:00,1076641.90413707,1012.35,0.0,72.25,13.71938621745121,10.875,9.945
646,2020-10-27 22:00:00,1045082.91013707,1012.5,0.0,70.41666666666667,13.31938621745121,63.875,5.8775
647,2020-10-27 23:00:00,1015202.71213707,1012.425,0.0,71.25,11.68438621745121,117.25,5.435
648,2020-10-28 00:00:00,994544.8721370698,1012.0375,0.0,72.5,9.961886217451214,98.0,2.89625
649,2020-10-28 01:00:00,982685.4461370697,1011.5625,0.0,73.25,8.191886217451213,105.0,8.530000000000001
650,2020-10-28 02:00:00,970586.2181370698,1011.1125,0.0,73.25,7.451886217451214,112.625,4.565
651,2020-10-28 03:00:00,964622.6921370698,1010.85,0.0,72.58333333333333,6.871886217451214,96.25,4.538749999999999
652,2020-10-28 04:00:00,959621.0321370699,1010.7875,10.5,70.58333333333334,5.314386217451215,86.625,9.545
653,2020-10-28 05:00:00,964518.2901370698,1011.175,12.0,68.58333333333334,5.271886217451213,72.875,8.9875
654,2020-10-28 06:00:00,970897.5821370698,1012.025,12.0,67.91666666666666,5.721886217451214,77.25,9.59
655,2020-10-28 07:00:00,1005360.66613707,1013.325,1.5,66.0,6.626886217451213,91.0,10.35625
656,2020-10-28 08:00:00,1070168.03813707,1013.975,0.0,63.33333333333334,9.141886217451214,92.75,7.72375
657,2020-10-28 09:00:00,1138273.30413707,1014.1875,0.0,58.0,13.87688621745121,86.25,10.16375
658,2020-10-28 10:00:00,1187352.72013707,1014.0,0.0,54.08333333333333,18.94938621745121,85.25,15.9175
659,2020-10-28 11:00:00,1197438.69613707,1013.4625,0.0,53.24999999999999,20.96688621745121,96.5,14.74
660,2020-10-28 12:00:00,1197248.75213707,1012.7,0.0,50.91666666666669,23.84688621745121,87.75,13.7875
661,2020-10-28 13:00:00,1192666.20413707,1011.9,0.0,49.75,25.03188621745121,78.0,10.8925
674,2020-10-29 02:00:00,970392.4541370698,1012.575,0.0,60.91666666666669,9.429386217451215,54.375,12.80875
675,2020-10-29 03:00:00,960692.7361370698,1012.425,0.0,60.66666666666669,7.911886217451213,64.125,12.62375
676,2020-10-29 04:00:00,958763.6241370698,1012.6,0.0,60.66666666666669,7.589386217451215,62.75,11.79625
677,2020-10-29 05:00:00,966743.0441370698,1012.9375,0.0,60.66666666666669,7.741886217451214,74.25,12.80125
678,2020-10-29 06:00:00,971865.8841370699,1013.525,0.0,61.83333333333333,6.989386217451214,75.75,5.74625
679,2020-10-29 07:00:00,1003369.52413707,1014.4875,0.0,62.91666666666667,7.579386217451214,67.25,7.641249999999999
680,2020-10-29 08:00:00,1071008.39013707,1015.125,0.0,62.91666666666666,8.366886217451215,76.125,4.69125
681,2020-10-29 09:00:00,1137753.41613707,1015.3,0.0,58.41666666666666,13.79438621745122,310.25,8.7725
682,2020-10-29 10:00:00,1179290.78213707,1015.2125,0.0,55.50000000000001,20.11188621745121,117.375,9.642499999999998
683,2020-10-29 11:00:00,1196229.60813707,1014.6375,0.625,55.0,21.42188621745122,69.75,10.71375
684,2020-10-29 12:00:00,1195387.10813707,1013.7875,1.75,53.25,24.00188621745122,52.125,11.3725
685,2020-10-29 13:00:00,1187316.23213707,1012.7625,1.25,53.83333333333333,24.92688621745121,138.625,7.91
686,2020-10-29 14:00:00,1197718.96813707,1011.9125,1.0,63.0,23.52188621745121,311.5,9.0825
687,2020-10-29 15:00:00,1188494.22413707,1011.3875,1.0,66.0,22.51438621745122,308.875,11.97875
688,2020-10-29 16:00:00,1192333.06813707,1011.025,1.0,68.66666666666666,21.01688621745122,315.375,15.7275
689,2020-10-29 17:00:00,1163706.02413707,1011.3125,0.875,71.5,19.00688621745122,323.875,18.3475
690,2020-10-29 18:00:00,1143531.90213707,1012.0625,0.0,68.5,17.96688621745121,316.875,14.435
691,2020-10-29 19:00:00,1113006.36813707,1013.3125,0.0,70.75,16.15188621745121,347.0,12.60625
692,2020-10-29 20:00:00,1082944.67413707,1014.05,0.0,67.0,15.40938621745121,352.375,14.53125
693,2020-10-29 21:00:00,1059811.80013707,1014.275,0.0,69.58333333333334,14.11438621745121,55.625,10.6075
694,2020-10-29 22:00:00,1032953.48013707,1014.1,0.0,68.25,13.70188621745121,7.0,8.88
695,2020-10-29 23:00:00,993361.9341370699,1013.7625,0.5,68.0,12.17188621745121,53.875,3.09875
696,2020-10-30 00:00:00,983649.0241370697,1013.2125,4.5,69.41666666666666,11.36438621745121,83.875,5.431249999999999
697,2020-10-30 01:00:00,967005.2061370697,1012.7875,10.875,74.75,8.264386217451213,149.5,7.100000000000001
698,2020-10-30 02:00:00,955189.3301370698,1012.3125,14.125,75.41666666666666,7.444386217451216,93.125,3.415
699,2020-10-30 03:00:00,946996.5661370698,1012.1125,15.875,73.58333333333334,7.206886217451213,76.625,3.82
700,2020-10-30 04:00:00,944667.5301370698,1011.975,8.5,76.25000000000001,5.756886217451214,72.625,4.715
701,2020-10-30 05:00:00,952567.5601370698,1012.15,5.125,76.41666666666667,5.776886217451214,93.25,7.918750000000001
702,2020-10-30 06:00:00,957899.8321370698,1012.8625,14.125,74.33333333333331,6.416886217451212,101.375,9.26125
703,2020-10-30 07:00:00,985721.2561370698,1013.6,25.0,70.75,8.611886217451213,75.875,4.911250000000001
704,2020-10-30 08:00:00,1047981.56013707,1014.275,31.125,71.08333333333334,10.58438621745121,75.625,3.88625
705,2020-10-30 09:00:00,1110716.58813707,1014.575,26.25,66.33333333333334,17.20688621745121,87.5,3.1775
706,2020-10-30 10:00:00,1160661.02213707,1014.825,24.75,63.00000000000001,22.55688621745121,79.75,6.3775
707,2020-10-30 11:00:00,1184726.43413707,1014.1625,45.5,61.49999999999999,26.02688621745122,44.75,10.5725
708,2020-10-30 12:00:00,1185473.61613707,1013.1,16.625,62.33333333333333,26.12938621745121,49.5,12.64
709,2020-10-30 13:00:00,1183335.25213707,1012.025,6.25,62.66666666666669,26.85188621745122,198.375,9.97125
710,2020-10-30 14:00:00,1191225.89613707,1011.2,23.0,63.75000000000001,27.21938621745121,326.5,11.75875
711,2020-10-30 15:00:00,1183609.75613707,1010.6625,30.0,63.08333333333333,26.97688621745121,336.125,13.95625
712,2020-10-30 16:00:00,1169826.69613707,1010.2625,40.875,69.0,23.84188621745121,292.625,20.545
713,2020-10-30 17:00:00,1140806.99813707,1010.5375,22.0,70.91666666666666,22.13438621745122,311.375,20.775
714,2020-10-30 18:00:00,1135707.34013707,1011.1625,24.125,71.83333333333334,21.00938621745122,334.25,14.4775
715,2020-10-30 19:00:00,1110482.55013707,1011.8,5.125,74.99999999999999,18.13688621745121,308.625,15.38375
716,2020-10-30 20:00:00,1090657.52613707,1012.5375,2.875,74.75000000000001,17.64688621745121,179.375,13.86375
717,2020-10-30 21:00:00,1062123.34213707,1012.3375,2.375,73.83333333333333,17.66438621745121,94.0,11.76875
718,2020-10-30 22:00:00,1035678.18013707,1012.0125,2.0,69.0,17.60188621745122,33.0,9.56875
719,2020-10-30 23:00:00,1002668.69013707,1011.95,1.125,69.5,16.16938621745121,26.375,8.8525
720,2020-10-31 00:00:00,992530.4181370698,1011.5625,1.0,70.0,15.60938621745122,45.125,3.2325
721,2020-10-31 01:00:00,977936.1101370698,1010.95,0.125,74.74999999999999,13.94438621745121,95.625,5.1775
728,2020-10-31 08:00:00,996392.5001370698,1012.6875,24.875,79.75,13.60938621745122,88.125,11.41625
729,2020-10-31 09:00:00,1022080.53413707,1012.8625,28.875,71.0,20.71938621745122,83.25,9.030000000000001
730,2020-10-31 10:00:00,1037866.31613707,1012.8625,31.625,69.83333333333334,23.24688621745121,81.75,12.135
731,2020-10-31 11:00:00,1038879.72013707,1012.325,17.375,67.16666666666666,26.15438621745121,106.0,12.3525
732,2020-10-31 12:00:00,1041199.78813707,1011.0875,15.375,63.08333333333334,29.07688621745121,147.125,11.9525
733,2020-10-31 13:00:00,1044392.34613707,1009.65,17.625,61.41666666666666,29.67938621745121,200.125,12.72
734,2020-10-31 14:00:00,1049516.81813707,1008.7375,34.625,63.58333333333334,28.36188621745121,214.375,12.3425
735,2020-10-31 15:00:00,1045924.19413707,1008.3,34.25,67.75,26.00938621745122,247.875,17.8425
736,2020-10-31 16:00:00,1041587.11413707,1008.525,31.625,68.5,24.78938621745121,323.5,20.42625
737,2020-10-31 17:00:00,1043730.43013707,1008.7625,19.125,73.0,21.61188621745121,266.125,18.8625
738,2020-10-31 18:00:00,1079099.26613707,1009.3625,24.0,77.16666666666667,19.67438621745121,261.875,16.0175
739,2020-10-31 19:00:00,1081407.48213707,1010.0375,30.75,78.74999999999999,18.29438621745121,333.0,13.225
740,2020-10-31 20:00:00,1062967.23013707,1010.9375,36.5,79.33333333333331,17.72938621745121,321.125,10.64375
741,2020-10-31 21:00:00,1043018.79413707,1011.4125,48.875,78.75000000000001,17.74188621745121,132.375,9.77625
742,2020-10-31 22:00:00,1032105.45613707,1011.525,55.625,81.16666666666666,16.60188621745121,31.5,8.978750000000002
743,2020-10-31 23:00:00,1002516.12213707,1011.3625,60.125,79.16666666666667,16.42938621745121,40.0,9.0825
